brand_id,user_id,identity_type,video_id,views,likes,shares,comments,watch_percentage
2357,29e8de59-9cb4-4728-819c-c74071bbd2b7,id_id,cb31347c-3db4-43a0-aee2-e99e4f14bfd1,1,0,0,0,4.3
2357,26b9a87e-57bd-4329-93b0-45d952aef331,id_id,8d2ee31e-4d8a-485b-bb2a-b85dc14b0bc4,1,0,0,0,33.8
2357,a4d68a59-986e-4e06-85a3-be57b3449619,id_id,6138b843-ed18-4171-a726-69b163aa1fe9,1,0,0,0,100.01
2357,f83c8fab4c8415fc3f9ff067b024eb38,id_id,fca4f2d4-61ae-434a-9a95-1cbd2204dc8d,1,0,0,0,36.64
2357,42bb09d2-ec9c-4f73-ab8f-92d7ff7ce5d7,ad_id,db673842-b3d8-46e3-920d-9857f5fec19b,2,0,0,0,55.61
2357,4d4d59c5-0c4e-43b9-b09b-f693943bb4ff,id_id,5c6b3b72-b7d9-4d1e-a3d1-e154ca7a968e,1,0,0,0,71.78
2357,2d16afa2938e1aeab000503736dee52d,id_id,1b6d3b94-98a8-49c4-b079-f0c451c9853a,1,0,0,0,79.9
2357,79434acd-319c-4d15-979c-6db81800b9fb,id_id,0fb2d645-989d-45fb-9526-d6f213f4cf57,1,0,0,0,99.93
2357,03ffb6ce-f87e-4465-8551-53166c44f4f2,ad_id,989f9d47-90f0-4d2c-bcb8-c43445979a94,1,1,0,0,97.52
2357,fec58f7923621ca8893cf403f667af04,id_id,2389e116-bd10-447b-a51d-f9380d1290b5,1,0,0,0,80.04
2357,961abf4b-745a-483f-859d-37ca68091c36,id_id,36aafb67-f141-4d5d-8245-f4b725d9d382,1,0,0,0,7.05
2357,0fc54548-f213-404e-8c39-1ce1181bbb64,id_id,1bc8c273-9bb5-4155-be49-a3a20adb4f8a,1,0,0,0,86.41
2357,b87e5ae5-afcc-4bf5-890f-fe758d743eb5,id_id,dbd7d2c8-41d4-4591-884b-87c555bbcfd6,1,0,0,0,37.47
2357,7dd015f5-0a7f-47ff-a9c7-54872443be0c,id_id,c464fdb8-a589-4de7-af46-9ccbfc41386a,1,0,0,0,27.79
2357,0f240aa4-f4e7-46ee-bd75-bcf6680cdd7a,id_id,4fd15ed6-f87e-465e-9383-4838ce960da5,1,0,0,0,28.52
2357,77e0f3af-7150-46bc-90ca-d9f4a6bd0448,id_id,39179df7-82b2-4461-8896-4bf2cc380acc,2,0,0,0,74.62
2357,554cf5e6-8afb-42d6-850b-c7aece4202d9,id_id,a60fa6c0-b1f8-490b-aca8-49357d6b11b9,1,0,0,0,46.12
2357,bc1c7b5a-3243-4fb0-984c-88813e955787,ad_id,2c500684-853f-4985-98ce-8fabeff8fa1a,1,0,0,0,24.96
2357,0f133051-cbd3-4a86-a6d9-3fc0674e1fe2,id_id,15538b30-1aaf-4086-8923-5e5756f619db,1,0,0,0,40.44
2357,7af11cc7fe2eecb48b1b5e66a9b056cd,id_id,a60fa6c0-b1f8-490b-aca8-49357d6b11b9,1,0,0,0,77.91
2357,5e0a0c55-a70e-4674-85f1-bcfb89a6b8ac,ad_id,f43a9544-3f31-47db-b027-61a189db3b63,1,0,0,0,8.35
2357,d0d95025-6a31-4bba-b37d-04ee64bc0654,ad_id,54af7087-e273-419a-aec3-fe02228a02a7,1,0,0,0,11.71
2357,2ca893bad6d538cb43883f981e60a8e2,id_id,d7e39880-0ea3-43bd-8f06-61e954dbe0f4,1,0,0,0,46.74
2357,1df25c5a-f09d-4d8e-b980-dc7a4915a3bb,ad_id,083773a0-3247-4785-b527-ab37306f1c07,1,0,0,0,100.0
2357,7c931f9ef0e78a4507484a25fad23910,id_id,db673842-b3d8-46e3-920d-9857f5fec19b,1,0,0,0,71.28
2357,5a68b065365c26aceff420822ea9f382,id_id,6cf82d47-addb-4b64-896a-485f82b835aa,1,0,0,0,90.78
2357,db6565cf-9b41-4eb3-aa60-b77996f1ed5b,ad_id,40948094-53da-4205-b3b0-e62794bc0597,2,0,0,0,33.69
2357,fa3cadd4-1651-41c0-89c0-ef6293ca849e,id_id,d0ae095c-79df-4e5e-a91b-3df3b98bfa96,1,0,0,0,78.97
2357,84eda6ae-dfd9-4803-9b04-b0b0e44f9ec3,id_id,aed668ba-fa78-4874-9d9a-e207b5371453,1,0,0,0,73.48
2357,53f87742-742c-42da-8d28-596f1b0e3071,id_id,c18b352a-973b-4960-ac76-27f3439641aa,8,0,0,0,100.01
2357,7c931f9ef0e78a4507484a25fad23910,id_id,06292de5-ba65-4305-8467-ecef6eb2d62b,1,0,0,0,13.02
2357,a570bfd3-e6c4-4942-9b73-2116ad438b95,ad_id,69168e88-711f-4f4e-a34e-d4abfcfb4fc5,1,0,0,0,100.0
2357,14693c4b-0708-4b97-90cd-6ad0cf71c4d2,ad_id,d7e39880-0ea3-43bd-8f06-61e954dbe0f4,1,0,0,0,20.34
2357,26e0ac90-d8b7-4c7a-ab8c-593f45bc5762,id_id,ab2a85fd-d507-4894-9f41-82eb00929f93,1,0,0,0,5.13
2357,1df25c5a-f09d-4d8e-b980-dc7a4915a3bb,ad_id,cb31347c-3db4-43a0-aee2-e99e4f14bfd1,1,0,0,0,100.0
2357,bb23916415d85604c421de2e40eca416,id_id,a050457d-f80f-459c-b196-2d8a57ab2a1c,1,0,0,0,42.01
2357,a570bfd3-e6c4-4942-9b73-2116ad438b95,ad_id,d6602182-d1c9-40e3-b3e5-763956f4e6d9,1,0,0,0,100.0
2357,36372b75-4e56-41fd-ab57-2357da5133c7,ad_id,cba784a3-35fa-45e3-a706-76625d0097d5,1,0,0,0,6.09
2357,0077d2dd-0897-485d-9ae9-50a1a71e2ea9,id_id,e45e886f-1d9e-4848-ad49-2d78c794d8df,2,0,0,0,50.31
2357,42816c70-32a1-4afc-8b53-3d73d7cc2e20,id_id,5c6b3b72-b7d9-4d1e-a3d1-e154ca7a968e,1,0,0,0,72.97
2357,668a0d5c-590a-4879-9ae8-7b34e6d92460,ad_id,fca4f2d4-61ae-434a-9a95-1cbd2204dc8d,1,0,0,0,75.92
2357,b87e5ae5-afcc-4bf5-890f-fe758d743eb5,id_id,e3022f41-8d91-46b4-92f1-51a077e11fb2,1,0,0,0,52.73
2357,04ce7147-b2d0-4121-8988-8d840b3f3494,id_id,ae536d13-8105-460e-9120-d39ed994570c,1,0,0,0,61.38
2357,5b43c4fa12b0528eb1860f8842f7622a,id_id,f43a9544-3f31-47db-b027-61a189db3b63,1,0,0,0,1.93
2357,a1f64d26-191b-456a-9890-ea5e084076f9,id_id,b3d2a176-6534-430b-b794-6202b5accfee,1,0,0,0,73.46
2357,d085c949-a21a-4767-92fc-b6be32f08d76,id_id,c464fdb8-a589-4de7-af46-9ccbfc41386a,1,0,0,0,10.91
2357,012013b0a4a7cade8cd738f0af20a485,id_id,c9c42328-dc4c-426c-8846-a5653d42c053,1,0,0,0,95.04
2357,4c988ac7-cb5a-44b5-983e-485b1fa3e4db,id_id,6040606a-bf55-4dc9-b287-053797a8bb93,1,0,0,0,37.53
2357,840831e5-cfe4-43c3-85ca-59b08ff2df53,id_id,aed668ba-fa78-4874-9d9a-e207b5371453,1,0,0,0,33.86
2357,86ffab5306feabff2ebcf059d624f095,id_id,63444a0d-2a29-4f86-ad38-debe61787131,2,0,0,0,22.42
2357,f1ae975f-368e-4094-bc13-982f752992a9,ad_id,e38a79a0-05cf-44ea-b80f-49ee4a93f17f,1,0,0,0,32.38
2357,c9a1d98fede6a111195728a4a75abdaf,id_id,e45e886f-1d9e-4848-ad49-2d78c794d8df,1,0,0,0,69.47
2357,ff5fb4a3-6cae-4f68-a1c8-ced8e4b60438,ad_id,2c500684-853f-4985-98ce-8fabeff8fa1a,4,0,0,0,52.04
2357,bb23916415d85604c421de2e40eca416,id_id,d3ea395b-b718-4b82-a598-1c1853d2f039,1,0,0,0,33.06
2357,0ba25bc7-d5e6-4f16-b2a2-a132767e3821,id_id,85628f69-e085-4fb2-8974-4781f13796d2,1,0,0,0,13.94
2357,cb4a945a-a354-4974-bac1-5a58a93755e9,id_id,b0c3d6f8-fc36-43e4-8757-6be8331c6ed8,1,0,0,0,86.36
2357,774de416-ea9c-454e-be8c-6f4e1f23de13,ad_id,ebbad2c5-32e9-43b3-ad13-9041848e3005,1,0,0,0,28.83
2357,30c8dc7f-51fb-483c-9af7-2fd7d506cd11,id_id,40948094-53da-4205-b3b0-e62794bc0597,2,0,0,0,53.03
2357,b86aa0f6-dc5d-4bc2-9b9f-31365b2b1b24,id_id,8cdf2bdc-e2da-4688-9f70-ac5b36df34a2,1,0,0,0,38.96
2357,64b9c7c7-4709-4cb4-a76c-bcb41e87f08b,id_id,d6e6e0e6-44bb-4ce9-a0a6-7b80e4e15f53,1,0,0,0,37.68
2357,2f05c3ec-ca4f-4178-b9b0-eff4dc9f5300,ad_id,085413dd-c97f-4f9c-b1ab-6d316c10950a,1,0,0,0,52.65
2357,a6acf7cf-5d88-4dec-b265-1fc0981e3b1c,id_id,0094bf41-46e6-4a1b-946a-09f1849ebd96,1,0,0,0,50.97
2357,c37733fa-7a4f-4462-86f8-cc26b25777a6,id_id,626b347f-b3e2-455d-8836-78bf6fe3cbed,1,0,0,0,6.15
2357,2f05c3ec-ca4f-4178-b9b0-eff4dc9f5300,ad_id,c3942794-96e1-47a6-85a7-3e2cc6d8eab7,3,0,0,0,37.17
2357,ed518e71-f001-4f52-9386-9f9302d691fe,ad_id,c18b352a-973b-4960-ac76-27f3439641aa,1,0,0,0,43.8
2357,1df9470d-c17b-4e69-adaf-456d732dc5a6,ad_id,8d2ee31e-4d8a-485b-bb2a-b85dc14b0bc4,1,0,0,0,25.18
2357,f92cac47-3a4b-4018-9cc1-ddf7f38dd312,id_id,106b34fe-4806-4ec6-b564-81048f035949,1,0,0,0,85.5
2357,f83c8fab4c8415fc3f9ff067b024eb38,id_id,cb31347c-3db4-43a0-aee2-e99e4f14bfd1,1,0,0,0,63.18
2357,a1d8440c-248e-4d73-80b5-74509f3429e8,id_id,d0ae095c-79df-4e5e-a91b-3df3b98bfa96,1,0,0,0,72.45
2357,49cc991f-0066-4fe6-adcc-c16e1b4e8582,ad_id,6040606a-bf55-4dc9-b287-053797a8bb93,1,0,0,0,4.17
2357,ff97a4fa-20a1-4aba-a520-b31af7082c04,id_id,4f229ff5-d935-4a99-9ed5-2ec0922136d4,3,0,0,0,55.66
2357,d3f669c9-baa4-4c1b-8923-665db6a571d8,ad_id,3313ed99-44cf-4e12-84c0-e83ffb8a1c07,2,0,0,0,49.54
2357,d8cd4bd7-35ca-4d00-84cd-d086414b78e6,id_id,1ca19021-750c-4d2c-93c2-d87d96c2353f,1,0,0,0,1.06
2357,2b48d939-55ab-4af6-abe9-bff6210148a8,id_id,ee11d1c8-99e3-4bcc-8bd8-929bc0a089c1,1,0,0,0,35.93
2357,56d8e82e8bf80ca61ff3bcb1a3a06aba,id_id,be58d1f0-7ca2-4b30-a5b9-0dc789a002e0,1,0,0,0,84.03
2357,79434acd-319c-4d15-979c-6db81800b9fb,id_id,24610c5a-588d-4e55-b4e4-d534883e7646,1,0,0,0,99.69
2357,a4d68a59-986e-4e06-85a3-be57b3449619,id_id,0126a59a-6b40-4c66-9af8-7ba6fbaca2e2,1,0,0,0,50.21
2357,6206290b-cf2c-4ea4-9848-1d300747195c,ad_id,f05ffa00-1e6f-45fe-bd40-7d909498d1ce,1,0,0,0,2.5
2357,f83c8fab4c8415fc3f9ff067b024eb38,id_id,6eaefc09-62b2-48fd-8cda-db590d092937,1,0,0,0,86.89
2357,eb420939-df60-4501-80af-6f778b17a975,id_id,681b67cc-6045-4075-9cd5-341a55262cda,1,0,0,0,11.14
2357,7f1762a6-a577-4d38-9d04-11a7e18a5717,id_id,6a4432ab-0edd-42ad-887e-5af08735590f,1,0,0,0,8.37
2357,abed8d3afbe44e77b83556624fe4e3c6,id_id,15ab5653-2a07-4b7e-8049-6914e26553e9,1,0,0,0,80.42
2357,7c931f9ef0e78a4507484a25fad23910,id_id,de2cf04a-075a-41f0-aed2-6be2283768d3,2,0,0,0,32.23
2357,a28ad52a-8c9f-4abd-ac60-ce48062839f8,id_id,ac39125b-c57e-47a8-9ac4-e77274b7cee5,2,0,0,0,91.87
2357,aeb4c117-e98e-4b6d-b765-f02c7bad5259,id_id,7a47d937-6fe5-4082-924b-82b0eff70866,1,0,0,0,12.17
2357,3babc38f-8674-492b-8e4a-f25e53541049,id_id,c02e1f0e-81e2-4e8d-ae91-737c1bf23e42,1,0,0,0,28.19
2357,5261deeb-764e-4dfd-b384-f8a5c4f68923,id_id,ba9d4e62-d9b9-45cd-b045-7a6f78ef661e,1,1,0,0,43.97
2357,0cbddd70-75f6-45a4-a547-279b24913b68,id_id,1cbf5f61-17fc-4614-9596-bb0362a25e87,1,1,0,0,81.12
2357,2d16afa2938e1aeab000503736dee52d,id_id,39179df7-82b2-4461-8896-4bf2cc380acc,1,0,0,0,31.94
2357,fabf6cdf-6dcb-40b7-b9a7-6078556e6386,ad_id,b3d2a176-6534-430b-b794-6202b5accfee,3,0,0,0,85.12
2357,9f59bdb4-2afe-4bc9-9fed-1754562f45f3,id_id,544d8d8d-3245-4cd4-ba5c-ffbc5159ecc3,1,0,0,0,46.16
2357,80dc89ad-ae90-4bce-8f96-2db8651ba6f8,id_id,c18b352a-973b-4960-ac76-27f3439641aa,1,0,0,0,16.56
2357,ff379747c72789b2a2c6e3ff7ba0a496,id_id,24231cca-489c-412b-8e65-511199abea30,1,0,0,0,100.28
2357,12745963-674c-4588-9ddd-53fa2e8605da,id_id,95c478f3-0118-4540-b51d-c86f7d2e6783,1,0,0,0,7.62
2357,fc4d35b3-0831-41f0-8cbd-cc792bd72540,id_id,13fdc204-b5be-4a53-9d57-deed9380af5f,1,0,0,0,91.41
2357,a1d8440c-248e-4d73-80b5-74509f3429e8,id_id,81405151-96ec-45f1-848f-a9444f50b425,1,0,0,0,11.29
2357,7c931f9ef0e78a4507484a25fad23910,id_id,e0640f65-e3fb-41f2-83b7-1f0d9ef67f4e,1,0,0,0,79.31
2357,febebc1d-bc95-4fbc-8fdc-1157acc2761a,id_id,c6328364-156e-47d4-b5a0-b55b30f77fd7,1,0,0,0,3.19
2357,04c9568e224be17a61c6ef31e7260a73,id_id,01ebe82a-391a-49b5-9c33-b397f46bca9b,3,0,0,0,45.63
2357,0ec955b3-c77e-46cc-8c59-cfe8efe28c61,ad_id,ff0a55ff-cc7c-4312-8dc4-51d08898fb32,1,0,0,0,4.89
2357,5b43c4fa12b0528eb1860f8842f7622a,id_id,7a78dce8-406d-4c8c-91ea-00b19fc5094c,1,0,0,0,79.58
2357,bafde85c-1bdd-40b3-85f8-0c47d1c063e2,id_id,85628f69-e085-4fb2-8974-4781f13796d2,1,0,0,0,8.01
2357,31bad0b0-4772-475b-ba48-dedfedb7f1a1,id_id,6040606a-bf55-4dc9-b287-053797a8bb93,2,0,0,0,80.56
2357,a913c67b-5749-4a6a-a788-c03dcfd59248,id_id,be531c15-3487-4b96-8fa2-f21efab86a0b,1,0,0,0,99.95
2357,6c444d7bce0c7a0352c93444735c82ec,id_id,5d023455-fc33-4a61-bf2c-6bca264222d5,1,0,0,0,66.09
2357,894d5821-dc00-45d6-b8a6-9553f3faa0a1,id_id,204624f8-0782-45c4-98d1-7a5b60d8d5e2,1,1,0,0,17.24
2357,e33ea39c69170883db642a37c645bc0b,id_id,53980672-4412-45b8-b484-4e691d1b35c3,1,0,0,0,69.23
2357,1a8a91bb-d783-41d1-97e7-04afd5aa30fc,id_id,c6328364-156e-47d4-b5a0-b55b30f77fd7,1,0,0,0,3.46
2357,f55ad433-603f-4bbc-a8eb-9a3399a3e6d0,id_id,2389e116-bd10-447b-a51d-f9380d1290b5,1,0,0,0,4.56
2357,888ad7bc-9754-4e47-b34f-37b5e3265d52,id_id,74eb8de0-dc53-4ca2-9432-6f51164898f5,1,0,0,0,43.72
2357,e0678f57-dbbf-49ea-820f-28a253c9028c,id_id,1bc8c273-9bb5-4155-be49-a3a20adb4f8a,1,0,0,0,42.85
2357,84eda6ae-dfd9-4803-9b04-b0b0e44f9ec3,id_id,e38a79a0-05cf-44ea-b80f-49ee4a93f17f,1,0,0,0,42.99
2357,f41c09b4-db2f-4dab-b320-bb3146fe077e,id_id,c6328364-156e-47d4-b5a0-b55b30f77fd7,1,0,0,0,95.18
2357,45d476fb-53b4-44cd-a529-3e3a09628506,id_id,7a78dce8-406d-4c8c-91ea-00b19fc5094c,1,0,0,0,80.85
2357,a0361788ec1de24d7d2ff1e76f4baf7a,id_id,41918838-e6fe-4e7d-9f37-6a15e89e8fb1,1,0,0,0,65.61
2357,08782c4f-7f8b-44fb-ac17-46d96c62b3db,id_id,7a78dce8-406d-4c8c-91ea-00b19fc5094c,1,0,0,0,32.3
2357,70726009-76d0-4450-9774-4ace8f37ee77,id_id,f8a8e691-e394-4e36-aa67-b4a0891c3562,1,0,0,0,48.06
2357,483cd121-cb7c-48bd-8ec1-95950994cd86,id_id,2151ff96-a57b-46c0-a909-804815b97725,1,0,0,0,73.0
2357,d085c949-a21a-4767-92fc-b6be32f08d76,id_id,9eae800e-39f6-43e1-a25d-f95bcdc886bb,1,0,0,0,100.05
2357,f86ac520-be89-4b73-a6ff-02c9a634102c,id_id,8151f7db-fb1b-4851-b262-d97f6067860e,1,0,0,0,8.61
2357,e939846e-0c5c-4c99-bfc9-9e4f7bd08663,ad_id,106b34fe-4806-4ec6-b564-81048f035949,1,0,0,0,8.47
2357,69f65f71-c59a-4ca3-adda-db028d786582,id_id,24651a6b-88d3-4cf4-ad05-41e1bda362b0,1,0,0,0,75.1
2357,845ff41e-f84c-458b-b31a-b205c7875124,id_id,6c6768ee-e481-4336-b021-bf94340dafb5,1,0,0,0,100.06
2357,6278cf33-2e1f-4eb9-9624-5774f123bf53,id_id,36673920-48af-490c-a367-16c9e1cadcd5,1,0,0,0,9.75
2357,946215af-20c2-4eb9-ab2c-6f46b3407627,ad_id,a1c441e9-8007-4128-b8d4-de0931ab3e00,1,0,0,0,35.02
2357,56d8e82e8bf80ca61ff3bcb1a3a06aba,id_id,455785ac-3ea9-4382-8e1f-56be2848a1c1,1,0,0,0,3.0
2357,6206290b-cf2c-4ea4-9848-1d300747195c,ad_id,87bd089f-2503-4497-8439-4e4947ca2c04,1,0,0,0,3.97
2357,c7115335-f260-4d30-92c1-802e1d73cc16,id_id,e38a79a0-05cf-44ea-b80f-49ee4a93f17f,1,0,0,0,47.63
2357,3804156b1c02a2096895f840e538a15e,id_id,36aafb67-f141-4d5d-8245-f4b725d9d382,2,0,0,0,44.95
2357,dbdd2c42-4551-4ece-8c43-b8fd7d2af3d4,id_id,3c9c3590-f01a-4dcd-8c6f-3f009fcb0799,1,0,0,0,72.01
2357,cc3c3920-0513-45a3-9322-9003cb10f161,id_id,40948094-53da-4205-b3b0-e62794bc0597,1,0,0,0,15.27
2357,22f61fe8-ada1-4666-a234-5693663d6525,id_id,6a4432ab-0edd-42ad-887e-5af08735590f,1,0,0,0,27.5
2357,c8fa98dc-286e-4506-96b2-13a8613d7d3d,ad_id,be58d1f0-7ca2-4b30-a5b9-0dc789a002e0,1,0,0,0,2.67
2357,f86ac520-be89-4b73-a6ff-02c9a634102c,id_id,dd9da960-cc42-492d-b3d9-9c2c1b5cc905,1,0,0,0,46.89
2357,6fa8295b-ad16-4d83-9bca-8769f24e5c9d,ad_id,ab2a85fd-d507-4894-9f41-82eb00929f93,1,0,0,0,100.0
2357,127f91a0-5f24-4f25-b364-39e90b763788,ad_id,53cd9fdb-5fc3-483c-adcc-afb6aa80bfef,1,0,0,0,13.77
2357,a481d92d-f5a4-4661-a197-b7a044e5626e,ad_id,d0ae095c-79df-4e5e-a91b-3df3b98bfa96,1,0,0,0,6.25
2357,31bad0b0-4772-475b-ba48-dedfedb7f1a1,id_id,7a47d937-6fe5-4082-924b-82b0eff70866,3,0,0,0,84.44
2357,f137cf16-c699-4c8f-8368-314581121993,ad_id,0b00c1c5-f38d-4fc7-8d3d-d937f43fc4b2,1,0,0,0,10.56
2357,eebd5bb4-8803-44eb-b3e7-ca9957e3032c,ad_id,e94ce240-36de-4cee-b6bd-12919d740b79,1,0,0,0,6.7
2357,5842afb2-d517-4496-aa51-5f5863541d74,id_id,e3e4d466-e810-435f-bcfb-ff0aa8df047e,1,0,0,0,53.93
2357,099c7375-ef07-4dbb-8af5-3729f217dbae,id_id,909782b2-8d1e-4f97-b33e-68040c1dc40b,2,0,0,0,54.86
2357,a1d8440c-248e-4d73-80b5-74509f3429e8,id_id,3ac9ef7b-89e9-4c6f-846a-172964a66274,1,0,0,0,4.68
2357,c32beca0-5eaf-416a-8bb4-696dc4212412,id_id,dd9da960-cc42-492d-b3d9-9c2c1b5cc905,1,0,0,0,20.87
2357,c980bec3-259e-4423-b694-b6039f182d3c,id_id,8e847ca7-447b-4e95-b549-2e1723cdb994,1,0,0,0,28.56
2357,7c931f9ef0e78a4507484a25fad23910,id_id,3c9c3590-f01a-4dcd-8c6f-3f009fcb0799,1,0,0,0,32.08
2357,9daf727d-c6ca-4112-981b-46d154f78d31,ad_id,497d3d64-6b6f-4ef2-a4c2-cd6b639105d4,4,1,0,0,18.44
2357,4f528aaa-f87d-4121-94de-8e24d6cc9cd6,id_id,fca4f2d4-61ae-434a-9a95-1cbd2204dc8d,1,0,0,0,14.35
2357,2f05c3ec-ca4f-4178-b9b0-eff4dc9f5300,ad_id,0094bf41-46e6-4a1b-946a-09f1849ebd96,1,0,0,0,85.91
2357,d49ff945-5526-403c-aff3-39ea863a84f4,id_id,36673920-48af-490c-a367-16c9e1cadcd5,1,0,0,0,5.15
2357,5b43c4fa12b0528eb1860f8842f7622a,id_id,e61537f0-0bc0-4fdb-8d55-57a6ab0ac35b,1,0,0,0,58.3
2357,bc1c7b5a-3243-4fb0-984c-88813e955787,ad_id,065a165b-c9de-44c0-bf1c-cee739682e9f,1,0,0,0,21.1
2357,9e120ae1-7eb2-4925-9117-86f18cd72d64,id_id,53cd9fdb-5fc3-483c-adcc-afb6aa80bfef,1,0,0,0,37.71
2357,0d6d23f0-8ca2-4c27-a3eb-bd73f33bc88c,ad_id,be531c15-3487-4b96-8fa2-f21efab86a0b,1,0,0,0,8.54
2357,4731d650-d8e3-44ae-9cff-fef73d051340,id_id,e94ce240-36de-4cee-b6bd-12919d740b79,2,0,0,0,4.3
2357,79434acd-319c-4d15-979c-6db81800b9fb,id_id,f4b3a85e-88d1-47a4-a6de-107402dbf95d,1,0,0,0,100.01
2357,dcb199ba85f5e2e0c4b3f1f156f50d4b,id_id,a496e3f2-70d7-4f8f-b552-470340d2299f,1,0,0,0,79.51
2357,f86ac520-be89-4b73-a6ff-02c9a634102c,id_id,ebbad2c5-32e9-43b3-ad13-9041848e3005,1,0,0,0,9.15
2357,2d16afa2938e1aeab000503736dee52d,id_id,13fdc204-b5be-4a53-9d57-deed9380af5f,1,0,0,0,32.16
2357,76d34f30-68d4-4775-95d0-f905988b6d68,id_id,4095b619-061c-499b-acf5-82d95cf852a8,1,0,0,0,4.43
2357,69d33b46-c374-4d8e-80be-54fd5038252b,ad_id,3b5e4104-f0b4-4849-be64-73cad9be3b4c,1,0,0,0,5.22
2357,d0f560ba-2695-4d7d-a755-3eafb66bd8c5,id_id,e0db2f15-428c-4be1-adcb-1f2850d8aa8a,1,0,0,0,3.81
2357,b2e517b2-77f0-49b2-82a7-b2232f0dc666,id_id,c7146447-adac-41aa-add1-91a21825fcff,1,0,0,0,99.96
2357,77e0f3af-7150-46bc-90ca-d9f4a6bd0448,id_id,3e2282d6-049f-4e14-a010-5a5616fb28dd,1,0,0,0,72.87
2357,a0f6b6b8-fd16-4964-857f-dcd18d95bdfe,id_id,25a074ac-19ec-488e-a07a-362eea73de91,1,0,0,0,80.51
2357,bc1c7b5a-3243-4fb0-984c-88813e955787,ad_id,497d3d64-6b6f-4ef2-a4c2-cd6b639105d4,2,0,0,0,67.37
2357,e4443558-799c-433e-b244-a7a9e6503448,id_id,d6e6e0e6-44bb-4ce9-a0a6-7b80e4e15f53,1,0,0,0,100.02
2357,c280bb9d-2659-4370-bc42-0d5fa4cc1bb0,ad_id,cba784a3-35fa-45e3-a706-76625d0097d5,2,0,0,0,53.26
2357,6359d86e3cad03b3ebabd0905f3d084e,id_id,fe14d4cb-5054-405d-9eb7-51ee1889237a,1,0,0,0,86.98
2357,cddef4eb-8fb5-4d0e-af01-7cc2d2a33597,id_id,f8a8e691-e394-4e36-aa67-b4a0891c3562,3,0,0,0,68.16
2357,5fe010d43a3103bdee6348cb2adafeca,id_id,3c9c3590-f01a-4dcd-8c6f-3f009fcb0799,1,0,0,0,24.19
2357,f225db3e-52ef-4ff4-a91e-14fbcbb5d1ca,id_id,13fdc204-b5be-4a53-9d57-deed9380af5f,1,0,0,0,67.86
2357,86ffab5306feabff2ebcf059d624f095,id_id,731d83d1-5602-468f-8849-30e404a7d500,1,0,0,0,53.86
2357,7a30fd267de502927fc38857260703e7,id_id,d6602182-d1c9-40e3-b3e5-763956f4e6d9,1,0,0,0,79.17
2357,73b04606-d84c-4e17-94ef-8961641adfda,id_id,c9c42328-dc4c-426c-8846-a5653d42c053,1,0,0,0,45.18
2357,cd929c0d4dd032775a12641d7d25f737,id_id,6a4432ab-0edd-42ad-887e-5af08735590f,1,0,0,0,50.94
2357,2f3e4c6e-1424-4489-a53d-55b13ab32372,ad_id,1ca19021-750c-4d2c-93c2-d87d96c2353f,1,0,0,0,2.33
2357,6089d754-f626-4a96-826b-219600f0e30b,id_id,9e5167da-ac2f-4a17-b07b-3bd4ab5726b8,1,0,0,0,93.35
2357,abc0fb62cbb195e0f6509fee40833e45,id_id,d4a1f869-a66e-4ded-8d0b-3dd164d41248,1,0,0,0,82.46
2357,dc4a5197-d67b-4640-9f79-98e9e9c26c5c,id_id,e61537f0-0bc0-4fdb-8d55-57a6ab0ac35b,1,0,0,0,22.68
2357,d27871a56789a64a9c1abc3372da2fe0,id_id,6cf82d47-addb-4b64-896a-485f82b835aa,1,0,0,0,45.07
2357,30c8dc7f-51fb-483c-9af7-2fd7d506cd11,id_id,ae536d13-8105-460e-9120-d39ed994570c,1,0,0,0,21.86
2357,c8fa98dc-286e-4506-96b2-13a8613d7d3d,ad_id,c7cd6375-861b-4fa0-bacf-3645dfaf583e,1,0,0,0,13.2
2357,a28ad52a-8c9f-4abd-ac60-ce48062839f8,id_id,54af7087-e273-419a-aec3-fe02228a02a7,1,0,0,0,40.4
2357,d724e3e681e33366ade9a3ae07c7ae86,id_id,24231cca-489c-412b-8e65-511199abea30,1,0,0,0,77.86
2357,74268846-9b9e-4263-9bb7-b3086373fb38,id_id,a050457d-f80f-459c-b196-2d8a57ab2a1c,1,0,0,0,9.38
2357,3804156b1c02a2096895f840e538a15e,id_id,c7de4086-5624-468b-9054-825d695bac9f,1,0,0,0,22.11
2357,ed096fbfd9c4042bc4750062ec390382,id_id,b7cd6c39-606c-4f8c-ac5f-d4829368a23a,1,0,0,0,83.64
2357,7c931f9ef0e78a4507484a25fad23910,id_id,8ed437a4-b335-479d-9c58-cc0aad88af4d,1,0,0,0,41.3
2357,e7e85acc8564829a42557bffb1411c2e,id_id,77862190-4b32-494a-8ecd-eb37a4b57b4b,1,0,0,0,41.36
2357,a1d8440c-248e-4d73-80b5-74509f3429e8,id_id,5ff75ae0-e9fa-41ac-bcfb-4c765746688c,1,0,0,0,7.86
2357,4d4d59c5-0c4e-43b9-b09b-f693943bb4ff,id_id,204624f8-0782-45c4-98d1-7a5b60d8d5e2,1,0,0,0,88.5
2357,b4aee0d7-b4fb-4bfa-bba1-2a6833313c2b,id_id,2366a0f0-07b2-4d3e-b10f-cc6cbfaf3d1a,1,0,0,0,15.51
2357,19c1804e-412a-4479-b4d1-cde151080142,id_id,1ca19021-750c-4d2c-93c2-d87d96c2353f,2,1,0,0,61.96
2357,dd307f47-df01-4394-a2ec-4018ee3574d4,id_id,41feb28d-ba08-4f93-8770-50a03df51f57,1,0,0,0,10.65
2357,22b2516a97d45dc89e25f667ae29f5e7,id_id,ae536d13-8105-460e-9120-d39ed994570c,1,0,0,0,58.49
2357,19c1804e-412a-4479-b4d1-cde151080142,id_id,38bd5b01-083b-420c-88ab-1954c20c38ec,1,0,0,0,8.08
2357,e4c487f5-a5a5-40b7-93b4-ca3fbed73143,id_id,69168e88-711f-4f4e-a34e-d4abfcfb4fc5,1,0,0,0,21.71
2357,4e0683b1-0545-424e-8a28-19df15a6380d,id_id,fe14d4cb-5054-405d-9eb7-51ee1889237a,1,0,0,0,82.43
2357,86ffab5306feabff2ebcf059d624f095,id_id,5d023455-fc33-4a61-bf2c-6bca264222d5,1,0,0,0,58.23
2357,5b43c4fa12b0528eb1860f8842f7622a,id_id,95c478f3-0118-4540-b51d-c86f7d2e6783,1,0,0,0,96.16
2357,506fbb89-156e-4ffc-8a12-e8e024250017,ad_id,e45e886f-1d9e-4848-ad49-2d78c794d8df,1,0,0,0,21.64
2357,3804156b1c02a2096895f840e538a15e,id_id,1cbf5f61-17fc-4614-9596-bb0362a25e87,1,0,0,0,49.39
2357,f50065de-492e-4635-9d11-7be95eaf69c2,id_id,2366a0f0-07b2-4d3e-b10f-cc6cbfaf3d1a,1,0,0,0,6.78
2357,59c17666-39c4-4791-b160-80d03a733c41,id_id,88e93731-1215-4d56-9c55-faaf8ad31ba0,1,0,0,0,7.02
2357,a2328b6d-8c4d-4582-9eb5-3ea15e4072e5,id_id,b0c3d6f8-fc36-43e4-8757-6be8331c6ed8,1,0,0,0,52.53
2357,a4d68a59-986e-4e06-85a3-be57b3449619,id_id,c02e1f0e-81e2-4e8d-ae91-737c1bf23e42,1,0,0,0,11.44
2357,d4c4773e-8894-4ca9-aa5a-4e3f1cdcc11e,ad_id,3e2282d6-049f-4e14-a010-5a5616fb28dd,1,0,0,0,4.44
2357,f1177900-83a1-41d8-971f-0ac6c81e5c46,id_id,d259b7ae-52e2-4441-9848-ed1cfa2f6bfc,1,0,0,0,21.51
2357,77e0f3af-7150-46bc-90ca-d9f4a6bd0448,id_id,6cf82d47-addb-4b64-896a-485f82b835aa,1,0,0,0,50.62
2357,d4eeac71e3eb3d0752d1b6a779ef5544,id_id,2ca16e69-92e3-4080-91f7-72d505c1c478,1,0,0,0,79.65
2357,8119096e-1bf0-4e3d-aecb-714dd6b3860f,id_id,9eae800e-39f6-43e1-a25d-f95bcdc886bb,1,0,0,0,39.09
2357,54b2c52a78731c6d489991481a9ea25d,id_id,69168e88-711f-4f4e-a34e-d4abfcfb4fc5,1,0,0,0,59.48
2357,906a08ac80130786a5d93d8ba4e4efc3,id_id,ee11d1c8-99e3-4bcc-8bd8-929bc0a089c1,1,0,0,0,48.63
2357,0dbed1e66e26d7b6f6d533cdc7f52404,id_id,9e48a542-36b3-458b-bbe5-16614e07afd1,1,0,0,0,99.22
2357,79434acd-319c-4d15-979c-6db81800b9fb,id_id,515a8a60-9b2a-497a-9e6d-171acf69c236,1,0,0,0,10.12
2357,020332a2-aaf7-41ae-abe1-bb4e2ac579c1,id_id,e0640f65-e3fb-41f2-83b7-1f0d9ef67f4e,1,0,0,0,20.6
2357,b4aee0d7-b4fb-4bfa-bba1-2a6833313c2b,id_id,544d8d8d-3245-4cd4-ba5c-ffbc5159ecc3,1,0,0,0,83.75
2357,3804156b1c02a2096895f840e538a15e,id_id,85628f69-e085-4fb2-8974-4781f13796d2,1,0,0,0,47.86
2357,93eebc7c-79f0-4700-9bee-24904835e3bf,id_id,4fd15ed6-f87e-465e-9383-4838ce960da5,1,0,0,0,50.19
2357,cd929c0d4dd032775a12641d7d25f737,id_id,24231cca-489c-412b-8e65-511199abea30,1,0,0,0,58.65
2357,ae5c1895-57bd-4d3d-b5a1-a5041f42a6be,id_id,ae50c84a-1d9d-45f5-a99d-54bdefb8dda5,1,0,0,0,15.77
2357,020332a2-aaf7-41ae-abe1-bb4e2ac579c1,id_id,81405151-96ec-45f1-848f-a9444f50b425,1,0,0,0,41.51
2357,16a47274-2e3f-4aff-a719-5ac61fe849ef,id_id,94aba41b-745e-452e-874d-0b28637f3020,1,0,0,0,10.55
2357,df71dbfe-4861-4b1c-b66b-d28132c57183,ad_id,106b34fe-4806-4ec6-b564-81048f035949,1,0,0,0,7.59
2357,b4aee0d7-b4fb-4bfa-bba1-2a6833313c2b,id_id,d0ae095c-79df-4e5e-a91b-3df3b98bfa96,1,0,0,0,17.83
2357,2464f027-ffc8-4fee-80e7-f15441fcacd4,id_id,5ec31da0-e8f0-4888-bca3-cc17c794c6bc,1,0,0,0,55.9
2357,774de416-ea9c-454e-be8c-6f4e1f23de13,ad_id,e429f7b7-453f-4d8e-a899-eab8313c100e,1,0,0,0,16.65
2357,dabcdda1-d4e4-4802-8320-eef49d7d65fb,id_id,626b347f-b3e2-455d-8836-78bf6fe3cbed,1,0,0,0,9.91
2357,29cf1040-73cc-4655-83db-0f0588e90445,id_id,065a165b-c9de-44c0-bf1c-cee739682e9f,1,0,0,0,7.17
2357,12745963-674c-4588-9ddd-53fa2e8605da,id_id,2eaf8337-af9b-4abe-b9ab-b0313e715cc9,1,0,0,0,6.41
2357,56d8e82e8bf80ca61ff3bcb1a3a06aba,id_id,9d88854e-86d9-4d52-9a35-d9028f72c161,2,0,0,0,76.93
2357,b9940ce8-1b1b-4f3c-bb79-8364345fcfa9,id_id,cb538ed1-9108-4b09-b144-029e1c48fc55,1,0,0,0,98.82
2357,b2612dd7-0a90-46b3-b101-a9790c09c2c0,id_id,e38a79a0-05cf-44ea-b80f-49ee4a93f17f,1,0,0,0,95.89
2357,29e8de59-9cb4-4728-819c-c74071bbd2b7,id_id,8d2ee31e-4d8a-485b-bb2a-b85dc14b0bc4,1,1,0,0,46.52
2357,2ca893bad6d538cb43883f981e60a8e2,id_id,8ed437a4-b335-479d-9c58-cc0aad88af4d,1,0,0,0,11.9
2357,79434acd-319c-4d15-979c-6db81800b9fb,id_id,085413dd-c97f-4f9c-b1ab-6d316c10950a,1,0,0,0,50.84
2357,d724e3e681e33366ade9a3ae07c7ae86,id_id,6a4432ab-0edd-42ad-887e-5af08735590f,1,0,0,0,9.85
2357,40e8d659-2ee8-4e9c-8915-1722760cae2b,ad_id,1887460f-f8f4-427b-9ccc-1b6a64593d62,1,0,0,0,5.72
2357,06a5d3c8-26ee-456c-a6f4-9df54b0362f4,id_id,28f71207-bef3-44ba-8bae-c833f0bc1d33,1,0,0,0,5.8
2357,dcb199ba85f5e2e0c4b3f1f156f50d4b,id_id,be531c15-3487-4b96-8fa2-f21efab86a0b,1,0,0,0,54.44
2357,16a47274-2e3f-4aff-a719-5ac61fe849ef,id_id,16873d29-baa3-4eb4-bff9-6916863e53db,1,0,0,0,3.78
2357,50b7b1d9ed9cd907a20db6c96a6d4527,id_id,f2c0ed2e-73c1-4b74-94cc-9caad0f1d15f,1,0,0,0,34.59
2357,1df25c5a-f09d-4d8e-b980-dc7a4915a3bb,ad_id,2d0eaa7e-7249-478d-a83c-6f981ec192fa,1,0,0,0,53.39
2357,cb28de73-f441-4131-941c-8e8407bf408e,id_id,0eb4c6bb-5a96-487e-9b75-ba72b23bf18d,1,0,0,0,3.34
2357,931b0592-f528-4c31-8aa4-1db63fde9d4d,id_id,1ca19021-750c-4d2c-93c2-d87d96c2353f,1,0,0,0,15.07
2357,1ee9f2f3-c10b-43ec-aef4-e49daba777bf,ad_id,3a0ba46b-bd79-40f0-a7a6-565ca81abe5f,1,0,0,0,24.96
2357,1848793a-5f4d-4d33-ac97-c8639d22e0e0,id_id,b0c3d6f8-fc36-43e4-8757-6be8331c6ed8,1,0,0,0,50.21
2357,3804156b1c02a2096895f840e538a15e,id_id,cb538ed1-9108-4b09-b144-029e1c48fc55,1,0,0,0,76.71
2357,36430bdf-d594-4658-b8c2-2e0ad894b464,id_id,6138b843-ed18-4171-a726-69b163aa1fe9,1,0,0,0,38.07
2357,2c16cf79-86b8-47f2-815a-12cc95fc04b9,id_id,25a074ac-19ec-488e-a07a-362eea73de91,1,0,0,0,4.64
2357,80dd9753a46ccc96788c34a2caa8978d,id_id,54af7087-e273-419a-aec3-fe02228a02a7,1,0,0,0,46.82
2357,9daa818b-b0a6-412d-b6af-50694d431520,ad_id,4f229ff5-d935-4a99-9ed5-2ec0922136d4,1,0,0,0,32.46
2357,d52e0f56-b4a5-482d-9de5-d772745d5afc,id_id,733f785a-c08d-4d3d-a115-85e433ef0530,1,0,0,0,61.28
2357,6c444d7bce0c7a0352c93444735c82ec,id_id,8cdf2bdc-e2da-4688-9f70-ac5b36df34a2,1,0,0,0,59.32
2357,e2c42578ba09bf6dba5e4d1c094ee89d,id_id,0c3ef0a3-a672-438c-91f6-7d1dce99bc77,1,0,0,0,26.21
2357,5e0a0c55-a70e-4674-85f1-bcfb89a6b8ac,ad_id,3d82a565-c594-4b8c-aae0-279b79dbbcfb,1,0,0,0,4.86
2357,df71dbfe-4861-4b1c-b66b-d28132c57183,ad_id,4095b619-061c-499b-acf5-82d95cf852a8,1,0,0,0,3.98
2357,14bd87b0-9ef2-47cb-8a14-07a5eadc71c7,id_id,f430881b-35b7-478e-a9f3-385b578fe21c,1,0,0,0,50.79
2357,c9a1d98fede6a111195728a4a75abdaf,id_id,d6e6e0e6-44bb-4ce9-a0a6-7b80e4e15f53,1,0,0,0,71.59
2357,702f1164abfdd1163a779923c22aa7f0,id_id,1887460f-f8f4-427b-9ccc-1b6a64593d62,2,0,0,0,24.73
2357,c05d6942-6d61-4e32-ba6e-7f3cdd923a17,id_id,626b347f-b3e2-455d-8836-78bf6fe3cbed,1,0,0,0,50.92
2357,c21ca2bb-8632-4a57-a3ed-6681c7bf47d9,id_id,5d023455-fc33-4a61-bf2c-6bca264222d5,1,0,0,0,58.72
2357,ac38872f-d65d-4ed1-b3e6-f20e7602e803,id_id,7701b39a-de1a-42ca-852c-46edefba5b6f,1,0,0,0,52.04
2357,b86aa0f6-dc5d-4bc2-9b9f-31365b2b1b24,id_id,16324de8-a7ee-4614-b967-a2bc59d966a6,1,0,0,0,4.95
2357,a570bfd3-e6c4-4942-9b73-2116ad438b95,ad_id,909782b2-8d1e-4f97-b33e-68040c1dc40b,1,0,0,0,95.63
2357,1a8a91bb-d783-41d1-97e7-04afd5aa30fc,id_id,40948094-53da-4205-b3b0-e62794bc0597,1,0,0,0,10.45
2357,08782c4f-7f8b-44fb-ac17-46d96c62b3db,id_id,d3ea395b-b718-4b82-a598-1c1853d2f039,1,0,0,0,15.58
2357,f0dfb062-90c1-455a-821c-d91f55255fe5,id_id,f00cad84-8731-4590-b86b-9c1a871073e1,2,0,0,0,55.86
2357,181e0cd03b00cef0e7879979cce91634,id_id,a60fa6c0-b1f8-490b-aca8-49357d6b11b9,2,0,0,0,45.9
2357,d5275f12-d033-4e44-9288-66d3ce549b85,id_id,3d82a565-c594-4b8c-aae0-279b79dbbcfb,1,0,0,0,40.2
2357,dd307f47-df01-4394-a2ec-4018ee3574d4,id_id,e45e886f-1d9e-4848-ad49-2d78c794d8df,1,1,0,0,50.56
2357,051bf6804be67ad05085a1b5ecb9cd32,id_id,ae536d13-8105-460e-9120-d39ed994570c,1,0,0,0,51.05
2357,eebd5bb4-8803-44eb-b3e7-ca9957e3032c,ad_id,94aba41b-745e-452e-874d-0b28637f3020,1,0,0,0,3.76
2357,b4aee0d7-b4fb-4bfa-bba1-2a6833313c2b,id_id,81405151-96ec-45f1-848f-a9444f50b425,1,0,0,0,6.9
2357,a438fa65-accc-441c-8989-b2193f1ab0dd,id_id,909782b2-8d1e-4f97-b33e-68040c1dc40b,1,0,0,0,2.67
2357,3804156b1c02a2096895f840e538a15e,id_id,65e742bf-c849-49ea-9c6d-5c16dc0a937e,1,0,0,0,83.93
2357,56d8e82e8bf80ca61ff3bcb1a3a06aba,id_id,d0ae095c-79df-4e5e-a91b-3df3b98bfa96,1,0,0,0,75.18
2357,5e0a0c55-a70e-4674-85f1-bcfb89a6b8ac,ad_id,88e93731-1215-4d56-9c55-faaf8ad31ba0,2,0,0,0,18.36
2357,ae5c1895-57bd-4d3d-b5a1-a5041f42a6be,id_id,ab2a85fd-d507-4894-9f41-82eb00929f93,2,0,0,0,30.77
2357,fae48318-ea26-4c9b-9c0a-fff66371269e,id_id,ad59a2bb-1439-4c5b-81c5-ce8393886c61,1,0,0,0,23.98
2357,5d42a84d-2843-4650-bf4f-089bb18f3a32,id_id,06a39742-3088-4427-85b1-f5756f2b8302,1,0,0,0,4.94
2357,c37733fa-7a4f-4462-86f8-cc26b25777a6,id_id,7a47d937-6fe5-4082-924b-82b0eff70866,1,0,0,0,2.46
2357,3a10228e-b534-4cd1-91ca-837318c29185,ad_id,4c20658b-0a52-4881-8f6f-f3edb192db96,1,0,0,0,11.32
2357,f1177900-83a1-41d8-971f-0ac6c81e5c46,id_id,77862190-4b32-494a-8ecd-eb37a4b57b4b,1,0,0,0,6.76
2357,dd307f47-df01-4394-a2ec-4018ee3574d4,id_id,90ffba45-a83f-405c-b0ac-eac3646e5297,1,0,0,0,7.09
2357,7f1762a6-a577-4d38-9d04-11a7e18a5717,id_id,cb31347c-3db4-43a0-aee2-e99e4f14bfd1,1,0,0,0,7.96
2357,74268846-9b9e-4263-9bb7-b3086373fb38,id_id,353b4dae-f486-42f6-b3ba-1da0ab9ef2cf,1,0,0,0,5.55
2357,c448ce6a-b322-4dab-94e0-2545df19fef8,ad_id,a496e3f2-70d7-4f8f-b552-470340d2299f,1,0,0,0,87.67
2357,d093310c2ccd1068633b3d604202003c,id_id,24231cca-489c-412b-8e65-511199abea30,1,0,0,0,99.91
2357,5b43c4fa12b0528eb1860f8842f7622a,id_id,c7cd6375-861b-4fa0-bacf-3645dfaf583e,1,0,0,0,93.32
2357,74268846-9b9e-4263-9bb7-b3086373fb38,id_id,38bd5b01-083b-420c-88ab-1954c20c38ec,1,0,0,0,20.47
2357,12745963-674c-4588-9ddd-53fa2e8605da,id_id,989f9d47-90f0-4d2c-bcb8-c43445979a94,1,0,0,0,27.26
2357,f21c63f3-7152-45eb-9c14-9757ac86ad5c,id_id,c6328364-156e-47d4-b5a0-b55b30f77fd7,1,0,0,0,17.02
2357,2f3e4c6e-1424-4489-a53d-55b13ab32372,ad_id,a050457d-f80f-459c-b196-2d8a57ab2a1c,1,0,0,0,28.75
2357,e2c42578ba09bf6dba5e4d1c094ee89d,id_id,d0ae095c-79df-4e5e-a91b-3df3b98bfa96,2,0,0,0,29.39
2357,75e2ae94-9bd1-4eb4-9ff5-634be5d2ecf7,id_id,2ca16e69-92e3-4080-91f7-72d505c1c478,3,1,0,0,66.82
2357,c8fa98dc-286e-4506-96b2-13a8613d7d3d,ad_id,9fbccbed-d803-479f-a012-f766a238ecfe,1,0,0,0,8.61
2357,64c567636f42c8f5c041a3f0dd31e674,id_id,f70cbf99-3915-489e-b2a5-69e736301fe1,1,0,0,0,97.18
2357,1c556075-e296-4ece-9afa-2a610f234df1,ad_id,d6a4f030-8a00-40f4-93aa-bfcd5797e08c,4,0,1,0,100.0
2357,774de416-ea9c-454e-be8c-6f4e1f23de13,ad_id,d3b3a961-b954-4fbc-833d-eee4d2288214,1,0,0,0,8.13
2357,a481d92d-f5a4-4661-a197-b7a044e5626e,ad_id,544d8d8d-3245-4cd4-ba5c-ffbc5159ecc3,2,0,0,0,9.27
2357,c93982a0-d9da-4af4-ba28-05cad9bf711d,ad_id,f2c0ed2e-73c1-4b74-94cc-9caad0f1d15f,1,0,0,0,5.21
2357,f41c09b4-db2f-4dab-b320-bb3146fe077e,id_id,87bd089f-2503-4497-8439-4e4947ca2c04,1,0,0,0,3.9
2357,c21ca2bb-8632-4a57-a3ed-6681c7bf47d9,id_id,f3caa135-592d-4cab-afc9-9ec7fd65e643,1,0,0,0,53.0
2357,3804156b1c02a2096895f840e538a15e,id_id,3a0ba46b-bd79-40f0-a7a6-565ca81abe5f,1,0,0,0,11.61
2357,1edbe988f0e1b3abbead19ac766178dc,id_id,733f785a-c08d-4d3d-a115-85e433ef0530,1,0,0,0,76.41
2357,12745963-674c-4588-9ddd-53fa2e8605da,id_id,1b6d3b94-98a8-49c4-b079-f0c451c9853a,1,0,0,0,18.57
2357,e0574857-7d59-4122-9657-b5e73d15f7df,id_id,375388be-ed46-4a4a-8b43-b70b509044ed,1,0,0,0,18.33
2357,181e0cd03b00cef0e7879979cce91634,id_id,36673920-48af-490c-a367-16c9e1cadcd5,1,0,0,0,29.44
2357,181e0cd03b00cef0e7879979cce91634,id_id,1887460f-f8f4-427b-9ccc-1b6a64593d62,4,0,0,0,16.51
2357,a4d68a59-986e-4e06-85a3-be57b3449619,id_id,5b68f586-8a33-45ee-b085-3ef10a9acfb2,1,0,0,0,35.76
2357,9daf727d-c6ca-4112-981b-46d154f78d31,ad_id,430c4e7b-9bdd-418e-8f00-d9ea036aed45,1,0,0,0,94.55
2357,cb5b7317-92d1-4ec5-a084-7e9aae28f0dc,id_id,c7cd6375-861b-4fa0-bacf-3645dfaf583e,1,0,0,0,76.06
2357,bc1c7b5a-3243-4fb0-984c-88813e955787,ad_id,430c4e7b-9bdd-418e-8f00-d9ea036aed45,1,0,0,0,47.4
2357,b2e517b2-77f0-49b2-82a7-b2232f0dc666,id_id,d6e6e0e6-44bb-4ce9-a0a6-7b80e4e15f53,2,0,0,0,70.8
2357,db6565cf-9b41-4eb3-aa60-b77996f1ed5b,ad_id,e0db2f15-428c-4be1-adcb-1f2850d8aa8a,1,0,0,0,19.84
2357,fc51ec6a-5f78-4dd2-b263-3d0ac7413720,id_id,74eb8de0-dc53-4ca2-9432-6f51164898f5,1,0,0,0,51.81
2357,dcb199ba85f5e2e0c4b3f1f156f50d4b,id_id,06292de5-ba65-4305-8467-ecef6eb2d62b,1,0,0,0,50.25
2357,36c29842-96a6-490b-a128-59975132533e,id_id,6cf82d47-addb-4b64-896a-485f82b835aa,1,0,0,0,9.36
2357,37387e46-8511-4cac-a034-cf31ed59dff7,ad_id,cb538ed1-9108-4b09-b144-029e1c48fc55,1,0,0,0,3.41
2357,254b0e58-aa84-4988-b2ec-5cf698682f4a,id_id,be58d1f0-7ca2-4b30-a5b9-0dc789a002e0,1,0,0,0,84.88
2357,ba6257d4fe94abeb3582d438bb60d82b,id_id,515a8a60-9b2a-497a-9e6d-171acf69c236,2,0,0,0,50.0
2357,2d16afa2938e1aeab000503736dee52d,id_id,dbd7d2c8-41d4-4591-884b-87c555bbcfd6,1,0,0,0,11.72
2357,e7e85acc8564829a42557bffb1411c2e,id_id,fb0cd22b-4312-4b8f-88d6-dedb62283a8c,1,0,0,0,20.84
2357,d339ef1b-bfa7-4d7c-a3b5-c9c3e8653763,id_id,77862190-4b32-494a-8ecd-eb37a4b57b4b,1,0,0,0,31.72
2357,3804156b1c02a2096895f840e538a15e,id_id,204624f8-0782-45c4-98d1-7a5b60d8d5e2,2,0,0,0,19.71
2357,40e8d659-2ee8-4e9c-8915-1722760cae2b,ad_id,5f7381d3-f6f7-4136-bac4-43c907ef12de,1,0,0,0,42.13
2357,4f528aaa-f87d-4121-94de-8e24d6cc9cd6,id_id,c9c42328-dc4c-426c-8846-a5653d42c053,1,0,0,0,11.56
2357,609ff962-d94f-458f-bb68-86e8f74ec48a,id_id,74eb8de0-dc53-4ca2-9432-6f51164898f5,1,0,0,0,71.07
2357,5188abd8-f441-4d48-bf49-a90c1eb0201a,ad_id,87c19d5d-da68-4c63-9ce2-b951c8dc2504,1,0,0,0,6.88
2357,64c567636f42c8f5c041a3f0dd31e674,id_id,430c4e7b-9bdd-418e-8f00-d9ea036aed45,1,0,0,0,66.77
2357,77e0f3af-7150-46bc-90ca-d9f4a6bd0448,id_id,f9063be4-2862-4941-97d0-414d88b11175,2,1,0,0,78.13
2357,fa3cadd4-1651-41c0-89c0-ef6293ca849e,id_id,de2cf04a-075a-41f0-aed2-6be2283768d3,1,0,0,0,50.9
2357,c302b7ad-fac2-42a2-ba61-417cedd48e63,id_id,e45e886f-1d9e-4848-ad49-2d78c794d8df,1,0,0,0,5.34
2357,22f61fe8-ada1-4666-a234-5693663d6525,id_id,cb31347c-3db4-43a0-aee2-e99e4f14bfd1,1,0,0,0,28.52
2357,69c3ad426fcf20f2126c3c5eef5a21bf,id_id,9fbccbed-d803-479f-a012-f766a238ecfe,1,0,0,0,4.07
2357,dd307f47-df01-4394-a2ec-4018ee3574d4,id_id,589ca074-e329-4698-9a8d-2b002727e37d,1,0,0,0,70.49
2357,1015dba6-8b5c-42f6-8e3c-df14023403bb,id_id,3a0ba46b-bd79-40f0-a7a6-565ca81abe5f,1,0,0,0,99.95
2357,a1d8440c-248e-4d73-80b5-74509f3429e8,id_id,e0640f65-e3fb-41f2-83b7-1f0d9ef67f4e,1,0,0,0,31.45
2357,5df46b3faf08488c87542ca61db10585,id_id,36aafb67-f141-4d5d-8245-f4b725d9d382,1,0,0,0,75.68
2357,9f59bdb4-2afe-4bc9-9fed-1754562f45f3,id_id,81405151-96ec-45f1-848f-a9444f50b425,1,0,0,0,23.48
2357,d64755b9-42b3-49b1-a9b3-34173eb95246,id_id,2eaf8337-af9b-4abe-b9ab-b0313e715cc9,1,0,0,0,6.48
2357,2ca893bad6d538cb43883f981e60a8e2,id_id,106b34fe-4806-4ec6-b564-81048f035949,1,0,0,0,58.23
2357,31f6a56b-b25a-43ae-9317-a441f2b301a5,id_id,4fd15ed6-f87e-465e-9383-4838ce960da5,1,0,0,0,44.29
2357,e2c42578ba09bf6dba5e4d1c094ee89d,id_id,41feb28d-ba08-4f93-8770-50a03df51f57,3,0,0,0,54.87
2357,6206290b-cf2c-4ea4-9848-1d300747195c,ad_id,fca4f2d4-61ae-434a-9a95-1cbd2204dc8d,1,0,0,0,7.49
2357,782da9c4-2b91-4a12-8abd-5e943439a13d,id_id,a60fa6c0-b1f8-490b-aca8-49357d6b11b9,1,0,0,0,33.91
2357,650dd265e5b4da839605b96cd6ecb594,id_id,c7de4086-5624-468b-9054-825d695bac9f,1,0,0,0,83.23
2357,d4c6fc4c-6737-43aa-9f40-eaef5b60627c,id_id,8151f7db-fb1b-4851-b262-d97f6067860e,1,0,0,0,79.94
2357,5998fc1b2eca676ea55cf3f7a491d7d1,id_id,ff0a55ff-cc7c-4312-8dc4-51d08898fb32,1,0,0,0,8.96
2357,90f56d73d1a31fcbc38f9c81bc6a701f,id_id,3ac9ef7b-89e9-4c6f-846a-172964a66274,1,0,0,0,49.82
2357,31bad0b0-4772-475b-ba48-dedfedb7f1a1,id_id,36aafb67-f141-4d5d-8245-f4b725d9d382,3,0,0,0,69.22
2357,7b671142-6d5d-4be7-a8f3-c90d270f25aa,id_id,e0640f65-e3fb-41f2-83b7-1f0d9ef67f4e,1,0,0,0,33.93
2357,dd81c286384a0a9477bdc8cbfc53b695,id_id,53980672-4412-45b8-b484-4e691d1b35c3,1,0,0,0,51.69
2357,d64755b9-42b3-49b1-a9b3-34173eb95246,id_id,89cfe80c-fbf0-45da-a733-92c4c9e04254,1,0,0,0,51.84
2357,2e2c4961-f7bc-4665-993d-b45f851cbe94,id_id,90ffba45-a83f-405c-b0ac-eac3646e5297,2,0,0,0,4.31
2357,181e0cd03b00cef0e7879979cce91634,id_id,26f1d289-2b5a-42d5-b539-d20d44e35f05,1,0,0,0,84.58
2357,0dbed1e66e26d7b6f6d533cdc7f52404,id_id,85628f69-e085-4fb2-8974-4781f13796d2,1,0,0,0,79.73
2357,0552eb3c-0d5d-45d4-a5de-c11940973c25,ad_id,9d04515b-86f6-4e54-94aa-c414c68b6c96,1,0,0,0,7.26
2357,56d8e82e8bf80ca61ff3bcb1a3a06aba,id_id,1455a69c-ecdb-4def-aeba-13ca5dfdd8c3,2,0,0,0,86.43
2357,66de2df3-ba12-4987-840e-2cbcb40a9df6,ad_id,c02e1f0e-81e2-4e8d-ae91-737c1bf23e42,1,0,0,0,51.62
2357,4710865e-9078-4714-a9e9-5a53f1df0ed5,id_id,497d3d64-6b6f-4ef2-a4c2-cd6b639105d4,1,0,0,0,69.66
2357,181e0cd03b00cef0e7879979cce91634,id_id,5b68f586-8a33-45ee-b085-3ef10a9acfb2,4,0,0,0,65.83
2357,0a430f28-4f13-4f22-937e-8794ef647bb1,id_id,0a5e5c22-c937-4c39-a0db-d13ce52ffd0c,1,0,0,0,68.59
2357,84eda6ae-dfd9-4803-9b04-b0b0e44f9ec3,id_id,2d0eaa7e-7249-478d-a83c-6f981ec192fa,1,0,0,0,67.98
2357,70726009-76d0-4450-9774-4ace8f37ee77,id_id,ebbad2c5-32e9-43b3-ad13-9041848e3005,1,0,0,0,52.76
2357,d4eeac71e3eb3d0752d1b6a779ef5544,id_id,53980672-4412-45b8-b484-4e691d1b35c3,1,0,0,0,51.48
2357,ce20550e763998b586946c5749509c4b,id_id,4095b619-061c-499b-acf5-82d95cf852a8,1,0,0,0,0.85
2357,2c07a49e-3acf-4d99-bb7e-a8996ba20175,id_id,455785ac-3ea9-4382-8e1f-56be2848a1c1,1,0,0,0,51.22
2357,b86aa0f6-dc5d-4bc2-9b9f-31365b2b1b24,id_id,7a47d937-6fe5-4082-924b-82b0eff70866,1,0,0,0,15.95
2357,fe3ac0bc440dc652fd4323c9353000ac,id_id,de2cf04a-075a-41f0-aed2-6be2283768d3,1,0,0,0,74.48
2357,6f639e9e-3fd1-47ce-b6b2-ae809390ff6f,ad_id,16324de8-a7ee-4614-b967-a2bc59d966a6,1,0,0,0,8.39
2357,0f61ec87-aebc-49be-9c7e-aabf407a441d,id_id,d3b3a961-b954-4fbc-833d-eee4d2288214,1,0,0,0,20.04
2357,86ffab5306feabff2ebcf059d624f095,id_id,d3b3a961-b954-4fbc-833d-eee4d2288214,2,0,0,0,97.44
2357,0b337419-724f-4d96-970c-a9a59fa72632,ad_id,2389e116-bd10-447b-a51d-f9380d1290b5,1,0,0,0,7.05
2357,cc7e9a89-0623-41d7-b2c0-06fc9022a422,id_id,cb31347c-3db4-43a0-aee2-e99e4f14bfd1,1,0,0,0,71.61
2357,d4eeac71e3eb3d0752d1b6a779ef5544,id_id,5f7381d3-f6f7-4136-bac4-43c907ef12de,1,0,0,0,64.63
2357,2d3ec1cc-2039-46be-88b7-13061f1e8cab,id_id,6138b843-ed18-4171-a726-69b163aa1fe9,1,0,0,0,88.04
2357,4dba5200-de87-4d45-804a-d4c264ed7206,id_id,aed668ba-fa78-4874-9d9a-e207b5371453,1,0,0,0,10.63
2357,e2c42578ba09bf6dba5e4d1c094ee89d,id_id,1455a69c-ecdb-4def-aeba-13ca5dfdd8c3,2,0,0,0,49.54
2357,fa3cadd4-1651-41c0-89c0-ef6293ca849e,id_id,06292de5-ba65-4305-8467-ecef6eb2d62b,1,0,0,0,50.86
2357,4e2d592b-c2a6-4df1-bbfd-a47823af8a18,id_id,e0db2f15-428c-4be1-adcb-1f2850d8aa8a,1,0,0,0,16.02
2357,dbfa2c1c-0a6f-45a5-ab1c-523c2a09d410,id_id,81405151-96ec-45f1-848f-a9444f50b425,1,0,0,0,99.94
2357,77e0f3af-7150-46bc-90ca-d9f4a6bd0448,id_id,be531c15-3487-4b96-8fa2-f21efab86a0b,2,1,0,0,66.99
2357,0b337419-724f-4d96-970c-a9a59fa72632,ad_id,39179df7-82b2-4461-8896-4bf2cc380acc,1,0,0,0,8.83
2357,dcb199ba85f5e2e0c4b3f1f156f50d4b,id_id,3c9c3590-f01a-4dcd-8c6f-3f009fcb0799,1,0,0,0,28.45
2357,4c988ac7-cb5a-44b5-983e-485b1fa3e4db,id_id,626b347f-b3e2-455d-8836-78bf6fe3cbed,1,0,0,0,101.14
2357,9f9bc78a-7513-4006-923e-6257d524aea8,id_id,69168e88-711f-4f4e-a34e-d4abfcfb4fc5,1,0,0,0,43.41
2357,42bb09d2-ec9c-4f73-ab8f-92d7ff7ce5d7,ad_id,1ca19021-750c-4d2c-93c2-d87d96c2353f,1,0,0,0,12.8
2357,6f639e9e-3fd1-47ce-b6b2-ae809390ff6f,ad_id,6040606a-bf55-4dc9-b287-053797a8bb93,1,0,0,0,8.21
2357,ca3e09d9-6f80-4791-8ebc-c9a7278c34ea,id_id,060e5593-d3d2-4a1f-b8b0-5ba4d33288b3,1,0,0,0,50.63
2357,5b43c4fa12b0528eb1860f8842f7622a,id_id,f3caa135-592d-4cab-afc9-9ec7fd65e643,1,0,0,0,22.62
2357,36430bdf-d594-4658-b8c2-2e0ad894b464,id_id,c02e1f0e-81e2-4e8d-ae91-737c1bf23e42,1,0,0,0,25.01
2357,2515141b-d557-4f0d-9eed-4844c5554f8c,ad_id,fca4f2d4-61ae-434a-9a95-1cbd2204dc8d,2,0,0,0,27.62
2357,d339ef1b-bfa7-4d7c-a3b5-c9c3e8653763,id_id,e3022f41-8d91-46b4-92f1-51a077e11fb2,1,0,0,0,50.37
2357,e939846e-0c5c-4c99-bfc9-9e4f7bd08663,ad_id,85628f69-e085-4fb2-8974-4781f13796d2,1,0,0,0,12.01
2357,f1ae975f-368e-4094-bc13-982f752992a9,ad_id,8ed437a4-b335-479d-9c58-cc0aad88af4d,1,0,0,0,61.83
2357,849a50b5-74fc-40b1-8418-adf2eda76eb4,id_id,f430881b-35b7-478e-a9f3-385b578fe21c,1,0,0,0,50.3
2357,16ca6c70-06db-445a-b73c-66934a60b567,ad_id,065a165b-c9de-44c0-bf1c-cee739682e9f,1,0,0,0,51.42
2357,23067097-4cd9-4709-a89f-cc56eec65cd2,id_id,d3b3a961-b954-4fbc-833d-eee4d2288214,1,0,0,0,50.75
2357,56d8e82e8bf80ca61ff3bcb1a3a06aba,id_id,a1c441e9-8007-4128-b8d4-de0931ab3e00,1,0,0,0,68.97
2357,bf271466-0a82-4eb3-b9c0-0bafc88a7fa8,id_id,9e48a542-36b3-458b-bbe5-16614e07afd1,1,0,0,0,17.81
2357,dd307f47-df01-4394-a2ec-4018ee3574d4,id_id,d6e6e0e6-44bb-4ce9-a0a6-7b80e4e15f53,2,0,0,0,57.33
2357,fa3cadd4-1651-41c0-89c0-ef6293ca849e,id_id,544d8d8d-3245-4cd4-ba5c-ffbc5159ecc3,1,0,0,0,94.13
2357,977d4d3a-a7c1-492a-aabb-47bfb5232318,id_id,c6328364-156e-47d4-b5a0-b55b30f77fd7,2,0,0,0,6.56
2357,f0dfb062-90c1-455a-821c-d91f55255fe5,id_id,f70cbf99-3915-489e-b2a5-69e736301fe1,2,0,0,0,58.75
2357,66f2602f-99e7-424d-b521-cf37fe1537d0,id_id,5ec31da0-e8f0-4888-bca3-cc17c794c6bc,1,0,0,0,3.39
2357,7c931f9ef0e78a4507484a25fad23910,id_id,0094bf41-46e6-4a1b-946a-09f1849ebd96,1,0,0,0,12.71
2357,c28c07ae-13c7-4541-b056-e702b2281c36,ad_id,a0a099c4-5d9d-44f0-8710-2ed268ee00d0,1,0,0,0,8.75
2357,cd88428860d61a17575cef3173b773f4,id_id,0b00c1c5-f38d-4fc7-8d3d-d937f43fc4b2,1,0,0,0,49.11
2357,0d6af8c5f41c903dfc8cd001b9758a0b,id_id,6cf82d47-addb-4b64-896a-485f82b835aa,1,0,0,0,37.73
2357,92333735-34b5-4256-8234-caf3e44bcfe7,id_id,c18b352a-973b-4960-ac76-27f3439641aa,2,0,0,0,82.44
2357,5aa4467a-0ae7-40dc-be69-bc0144524928,id_id,6040606a-bf55-4dc9-b287-053797a8bb93,1,0,0,0,80.95
2357,66972dfd2ab9e91b9e6ec5c9aeac4117,id_id,e94ce240-36de-4cee-b6bd-12919d740b79,1,0,0,0,81.67
2357,0b337419-724f-4d96-970c-a9a59fa72632,ad_id,5801926e-d76e-4e51-b59c-45d130456ae6,1,0,0,0,7.02
2357,29e8de59-9cb4-4728-819c-c74071bbd2b7,id_id,a60fa6c0-b1f8-490b-aca8-49357d6b11b9,1,0,0,0,11.92
2357,906a08ac80130786a5d93d8ba4e4efc3,id_id,9e5167da-ac2f-4a17-b07b-3bd4ab5726b8,1,0,0,0,94.29
2357,d6f76996d84ff9e1c998e339b348f71e,id_id,87c19d5d-da68-4c63-9ce2-b951c8dc2504,1,0,0,0,61.57
2357,c448ce6a-b322-4dab-94e0-2545df19fef8,ad_id,25a074ac-19ec-488e-a07a-362eea73de91,1,0,0,0,43.14
2357,d2984036-28fe-409d-b8d8-ef7d3a40516b,ad_id,cf8b7bae-57f0-4a77-accc-1bdc1fe3ed25,1,0,0,0,35.2
2357,d64755b9-42b3-49b1-a9b3-34173eb95246,id_id,1b6d3b94-98a8-49c4-b079-f0c451c9853a,2,0,0,0,58.12
2357,3a0b99563b1156c62cd38cb7b301ab97,id_id,1455a69c-ecdb-4def-aeba-13ca5dfdd8c3,1,0,0,0,18.37
2357,888ad7bc-9754-4e47-b34f-37b5e3265d52,id_id,4095b619-061c-499b-acf5-82d95cf852a8,1,0,0,0,50.16
2357,7c931f9ef0e78a4507484a25fad23910,id_id,8e847ca7-447b-4e95-b549-2e1723cdb994,1,0,0,0,99.95
2357,7c931f9ef0e78a4507484a25fad23910,id_id,2bc33e0c-7f24-4dcb-9a2d-50bdc19276cf,1,0,0,0,64.23
2357,5157164d-1e34-40d2-8dd1-c8f8c92ea81b,id_id,a60fa6c0-b1f8-490b-aca8-49357d6b11b9,1,0,0,0,39.89
2357,7c931f9ef0e78a4507484a25fad23910,id_id,a496e3f2-70d7-4f8f-b552-470340d2299f,1,0,0,0,53.61
2357,360fe95e-17f6-4054-85b7-38e55cf37bc3,id_id,731d83d1-5602-468f-8849-30e404a7d500,1,0,0,0,39.96
2357,0cbddd70-75f6-45a4-a547-279b24913b68,id_id,733f785a-c08d-4d3d-a115-85e433ef0530,1,0,0,0,99.96
2357,64b9c7c7-4709-4cb4-a76c-bcb41e87f08b,id_id,d9a24732-0319-43d3-b88f-995461400778,1,0,0,0,25.62
2357,7f1762a6-a577-4d38-9d04-11a7e18a5717,id_id,aed668ba-fa78-4874-9d9a-e207b5371453,1,0,0,0,20.51
2357,4d4d59c5-0c4e-43b9-b09b-f693943bb4ff,id_id,e3e4d466-e810-435f-bcfb-ff0aa8df047e,1,0,0,0,9.15
2357,df71dbfe-4861-4b1c-b66b-d28132c57183,ad_id,e4d3912c-23c3-4c3d-86b3-b50f1342c4e9,1,0,0,0,4.82
2357,51f91e0a-f683-4358-a6f5-ff41e72a9766,id_id,083773a0-3247-4785-b527-ab37306f1c07,1,0,0,0,12.74
2357,37387e46-8511-4cac-a034-cf31ed59dff7,ad_id,ff0a55ff-cc7c-4312-8dc4-51d08898fb32,1,0,0,0,29.79
2357,44525796-853b-4627-b657-2b84587531e1,id_id,fe14d4cb-5054-405d-9eb7-51ee1889237a,1,0,0,0,69.21
2357,a4d68a59-986e-4e06-85a3-be57b3449619,id_id,497d3d64-6b6f-4ef2-a4c2-cd6b639105d4,1,0,0,0,11.27
2357,77e0f3af-7150-46bc-90ca-d9f4a6bd0448,id_id,0c3ef0a3-a672-438c-91f6-7d1dce99bc77,2,0,0,0,55.84
2357,56d8e82e8bf80ca61ff3bcb1a3a06aba,id_id,54af7087-e273-419a-aec3-fe02228a02a7,2,0,0,0,75.44
2357,f5b5cddb-f7bb-48f3-a379-cad641422e10,id_id,25a074ac-19ec-488e-a07a-362eea73de91,1,0,0,0,51.63
2357,113b92bf-404f-4ed0-886f-76c035fc9d15,ad_id,94aba41b-745e-452e-874d-0b28637f3020,1,0,0,0,19.01
2357,86ffab5306feabff2ebcf059d624f095,id_id,a496e3f2-70d7-4f8f-b552-470340d2299f,1,0,0,0,32.02
2357,4704544f-c0d9-4ed6-8665-a0ad0616effa,id_id,e4d3912c-23c3-4c3d-86b3-b50f1342c4e9,1,0,0,0,71.29
2357,ba6257d4fe94abeb3582d438bb60d82b,id_id,f70cbf99-3915-489e-b2a5-69e736301fe1,1,0,0,0,57.38
2357,75589300-b443-40be-b377-b14976b4b8d2,id_id,455785ac-3ea9-4382-8e1f-56be2848a1c1,1,0,0,0,50.62
2357,e7e85acc8564829a42557bffb1411c2e,id_id,39179df7-82b2-4461-8896-4bf2cc380acc,1,0,0,0,16.27
2357,a867ea2e3941bb82331906eef0b771f8,id_id,e45e886f-1d9e-4848-ad49-2d78c794d8df,1,0,0,0,27.36
2357,702f1164abfdd1163a779923c22aa7f0,id_id,3a0ba46b-bd79-40f0-a7a6-565ca81abe5f,1,0,0,0,77.68
2357,c34b616e-e85b-4b8c-8aab-8c47a978f226,ad_id,c8629e45-1003-43de-bfee-945477973cd4,1,0,0,0,8.51
2357,a1d8440c-248e-4d73-80b5-74509f3429e8,id_id,9eae800e-39f6-43e1-a25d-f95bcdc886bb,1,0,0,0,29.5
2357,3cc50c05170c4be9fd72e54004067fdf,id_id,9ff12e82-4f22-4b80-b21e-b52fd2f6e442,1,0,0,0,42.91
2357,6206290b-cf2c-4ea4-9848-1d300747195c,ad_id,db673842-b3d8-46e3-920d-9857f5fec19b,1,0,0,0,5.84
2357,2f05c3ec-ca4f-4178-b9b0-eff4dc9f5300,ad_id,9e48a542-36b3-458b-bbe5-16614e07afd1,1,0,0,0,53.6
2357,b1ff54eb-4685-45ad-be0f-1c90162e9477,ad_id,375388be-ed46-4a4a-8b43-b70b509044ed,1,0,0,0,6.96
2357,099c7375-ef07-4dbb-8af5-3729f217dbae,id_id,ae50c84a-1d9d-45f5-a99d-54bdefb8dda5,1,0,0,0,51.92
2357,7c931f9ef0e78a4507484a25fad23910,id_id,88e93731-1215-4d56-9c55-faaf8ad31ba0,1,0,0,0,74.49
2357,4f528aaa-f87d-4121-94de-8e24d6cc9cd6,id_id,5f7381d3-f6f7-4136-bac4-43c907ef12de,1,0,0,0,4.0
2357,ed518e71-f001-4f52-9386-9f9302d691fe,ad_id,a15dbd30-e6e3-4df0-be2f-8a9a7fc7576f,1,0,0,0,8.84
2357,538a269d-99af-4b10-8dc6-1ba1fc7b5979,id_id,be531c15-3487-4b96-8fa2-f21efab86a0b,1,0,0,0,1.19
2357,edfdcea8-0b29-4461-ad08-c2780781bc98,id_id,8151f7db-fb1b-4851-b262-d97f6067860e,2,0,0,0,57.36
2357,4e2d592b-c2a6-4df1-bbfd-a47823af8a18,id_id,cf8b7bae-57f0-4a77-accc-1bdc1fe3ed25,1,0,0,0,84.37
2357,4070e66b82cd3f20f58e386031ac1b90,id_id,36aafb67-f141-4d5d-8245-f4b725d9d382,1,0,0,0,59.25
2357,849a50b5-74fc-40b1-8418-adf2eda76eb4,id_id,0126a59a-6b40-4c66-9af8-7ba6fbaca2e2,1,0,0,0,95.94
2357,6be60ff0-b391-4e60-b94c-199066b36d96,ad_id,94aba41b-745e-452e-874d-0b28637f3020,1,0,0,0,51.54
2357,d243b059-1844-456b-91d1-503b6133b69e,id_id,9fbccbed-d803-479f-a012-f766a238ecfe,1,0,0,0,85.0
2357,7cb2d86616c65454fbb6d1632cf324a3,id_id,c3f63a46-289f-45e1-ab91-cca1b958f95a,1,0,0,0,7.64
2357,fe4d3924f37dacc005593fc0f7af007a,id_id,f00cad84-8731-4590-b86b-9c1a871073e1,1,0,0,0,45.59
2357,9657fc38-3b04-4a98-b35f-6d38ecc906a5,id_id,9e48a542-36b3-458b-bbe5-16614e07afd1,1,0,0,0,8.7
2357,2ce9fd8d-4418-44fb-b233-a21947fbf5b0,id_id,89cfe80c-fbf0-45da-a733-92c4c9e04254,1,0,0,0,77.47
2357,a913c67b-5749-4a6a-a788-c03dcfd59248,id_id,6a4432ab-0edd-42ad-887e-5af08735590f,1,0,0,0,11.62
2357,f83c8fab4c8415fc3f9ff067b024eb38,id_id,626b347f-b3e2-455d-8836-78bf6fe3cbed,1,0,0,0,83.5
2357,95e78f4c-a64b-4268-8fc0-691c3c993627,id_id,b8e25d3e-33b3-4594-876e-c4f644b7e4c9,1,0,0,0,80.11
2357,df71dbfe-4861-4b1c-b66b-d28132c57183,ad_id,d7e39880-0ea3-43bd-8f06-61e954dbe0f4,1,0,0,0,3.92
2357,4f528aaa-f87d-4121-94de-8e24d6cc9cd6,id_id,7701b39a-de1a-42ca-852c-46edefba5b6f,1,0,0,0,6.18
2357,e33ea39c69170883db642a37c645bc0b,id_id,ae50c84a-1d9d-45f5-a99d-54bdefb8dda5,1,0,0,0,93.57
2357,45d476fb-53b4-44cd-a529-3e3a09628506,id_id,1b6d3b94-98a8-49c4-b079-f0c451c9853a,1,0,0,0,46.59
2357,f08a1572-dab9-4935-8e35-8e1bb5c8fb5f,id_id,1cbf5f61-17fc-4614-9596-bb0362a25e87,1,0,0,0,80.72
2357,6a117303-df40-405b-8aeb-d2ea8fd2b66d,id_id,3b5e4104-f0b4-4849-be64-73cad9be3b4c,1,0,0,0,10.66
2357,6530b066-5089-46a9-a5cd-a39af02d7b61,id_id,5f7381d3-f6f7-4136-bac4-43c907ef12de,1,0,0,0,36.92
2357,dbdd2c42-4551-4ece-8c43-b8fd7d2af3d4,id_id,106b34fe-4806-4ec6-b564-81048f035949,1,0,0,0,8.58
2357,93e0ba2d41d41c50e62125ebea98f6b1,id_id,fe14d4cb-5054-405d-9eb7-51ee1889237a,1,0,0,0,78.62
2357,e8754237-1eee-40e6-9dd9-1c2cab2ecd46,id_id,4f229ff5-d935-4a99-9ed5-2ec0922136d4,6,0,0,0,81.74
2357,2d3ec1cc-2039-46be-88b7-13061f1e8cab,id_id,f430881b-35b7-478e-a9f3-385b578fe21c,1,0,0,0,98.2
2357,2ca893bad6d538cb43883f981e60a8e2,id_id,5ff75ae0-e9fa-41ac-bcfb-4c765746688c,1,0,0,0,91.6
2357,906a08ac80130786a5d93d8ba4e4efc3,id_id,6040606a-bf55-4dc9-b287-053797a8bb93,1,0,0,0,56.87
2357,86ffab5306feabff2ebcf059d624f095,id_id,d7e39880-0ea3-43bd-8f06-61e954dbe0f4,1,0,0,0,82.37
2357,a36cfeb267ba87b79c21d2989e359b56,id_id,e4d3912c-23c3-4c3d-86b3-b50f1342c4e9,1,0,0,0,34.06
2357,af8e9ac4-76c4-400c-9204-c453df0d7133,id_id,36aafb67-f141-4d5d-8245-f4b725d9d382,1,0,0,0,3.83
2357,181e0cd03b00cef0e7879979cce91634,id_id,cba784a3-35fa-45e3-a706-76625d0097d5,1,0,0,0,44.96
2357,181e0cd03b00cef0e7879979cce91634,id_id,cb538ed1-9108-4b09-b144-029e1c48fc55,4,0,0,0,35.23
2357,dd307f47-df01-4394-a2ec-4018ee3574d4,id_id,c7cd6375-861b-4fa0-bacf-3645dfaf583e,1,0,0,0,50.28
2357,f06d7763-b9b8-4cc7-ab45-2f53857aa383,id_id,41feb28d-ba08-4f93-8770-50a03df51f57,1,0,0,0,86.37
2357,5ec80391-6748-41c7-bfd9-c1f662b9bd37,id_id,9d04515b-86f6-4e54-94aa-c414c68b6c96,1,0,0,0,9.91
2357,8a3169488362506e358188fbb225f8d5,id_id,f00cad84-8731-4590-b86b-9c1a871073e1,1,0,0,0,50.42
2357,92b7efd6-4b30-488e-975a-de79c808b371,ad_id,a050457d-f80f-459c-b196-2d8a57ab2a1c,1,0,0,0,100.0
2357,74fc412e-73ad-40f6-8b36-76c055029a8d,id_id,f2c0ed2e-73c1-4b74-94cc-9caad0f1d15f,1,0,0,0,84.21
2357,f1177900-83a1-41d8-971f-0ac6c81e5c46,id_id,0094bf41-46e6-4a1b-946a-09f1849ebd96,1,0,0,0,71.73
2357,c6f0118b-a903-4224-9981-a74bacb00fe4,id_id,be58d1f0-7ca2-4b30-a5b9-0dc789a002e0,1,0,0,0,82.34
2357,86ffab5306feabff2ebcf059d624f095,id_id,3b5e4104-f0b4-4849-be64-73cad9be3b4c,1,0,0,0,99.49
2357,ed35f852-02a1-4b44-8977-8ccf64c08a68,id_id,065a165b-c9de-44c0-bf1c-cee739682e9f,1,0,0,0,54.59
2357,9b3220ed-4141-4e20-abdf-c5f83ef95c98,id_id,01ebe82a-391a-49b5-9c33-b397f46bca9b,2,0,0,0,41.59
2357,77e0f3af-7150-46bc-90ca-d9f4a6bd0448,id_id,e38a79a0-05cf-44ea-b80f-49ee4a93f17f,2,1,0,0,99.79
2357,181e0cd03b00cef0e7879979cce91634,id_id,497d3d64-6b6f-4ef2-a4c2-cd6b639105d4,1,0,0,0,41.89
2357,099c7375-ef07-4dbb-8af5-3729f217dbae,id_id,ab2a85fd-d507-4894-9f41-82eb00929f93,1,0,0,0,99.99
2357,f41c09b4-db2f-4dab-b320-bb3146fe077e,id_id,1887460f-f8f4-427b-9ccc-1b6a64593d62,1,0,0,0,73.1
2357,f86ac520-be89-4b73-a6ff-02c9a634102c,id_id,9ff12e82-4f22-4b80-b21e-b52fd2f6e442,1,0,0,0,23.97
2357,099c7375-ef07-4dbb-8af5-3729f217dbae,id_id,3b5e4104-f0b4-4849-be64-73cad9be3b4c,1,0,0,0,3.8
2357,e22ed60e-4faf-41ef-b543-e048ea72b405,ad_id,9d88854e-86d9-4d52-9a35-d9028f72c161,1,0,0,0,100.0
2357,2f05c3ec-ca4f-4178-b9b0-eff4dc9f5300,ad_id,3a0ba46b-bd79-40f0-a7a6-565ca81abe5f,1,0,0,0,6.42
2357,42bb09d2-ec9c-4f73-ab8f-92d7ff7ce5d7,ad_id,f05ffa00-1e6f-45fe-bd40-7d909498d1ce,1,0,0,0,6.24
2357,c32beca0-5eaf-416a-8bb4-696dc4212412,id_id,9ff12e82-4f22-4b80-b21e-b52fd2f6e442,1,0,0,0,60.53
2357,f41c09b4-db2f-4dab-b320-bb3146fe077e,id_id,c02cd4e8-5a6f-4d33-93a9-95ca57e6c320,1,0,0,0,22.77
2357,7414e1f1-bba6-41cd-ab0e-301c740c0783,id_id,1887460f-f8f4-427b-9ccc-1b6a64593d62,1,0,0,0,59.77
2357,0fbf172fd8053f79dd8ddc26ba899b7a,id_id,13fdc204-b5be-4a53-9d57-deed9380af5f,1,0,0,0,88.98
2357,8a4ca076-100d-4225-a051-c942c7993cc6,ad_id,13fdc204-b5be-4a53-9d57-deed9380af5f,1,0,0,0,65.59
2357,c9a1d98fede6a111195728a4a75abdaf,id_id,2ca16e69-92e3-4080-91f7-72d505c1c478,1,0,0,0,96.74
2357,68577a3b-21d5-4bb0-8dd4-7bf3990f2ed9,id_id,353b4dae-f486-42f6-b3ba-1da0ab9ef2cf,1,0,0,0,3.61
2357,9ac037c3-8ea9-40a1-9fc1-fb1f4fdbb650,id_id,4095b619-061c-499b-acf5-82d95cf852a8,1,0,0,0,59.54
2357,ac6533dc-7dda-4541-b58a-b51040568637,ad_id,2c500684-853f-4985-98ce-8fabeff8fa1a,1,0,0,0,13.96
2357,fdd239d3-c893-4661-ab45-dc75a1791eff,ad_id,e38a79a0-05cf-44ea-b80f-49ee4a93f17f,1,0,0,0,100.0
2357,16ca6c70-06db-445a-b73c-66934a60b567,ad_id,f3caa135-592d-4cab-afc9-9ec7fd65e643,1,0,0,0,34.38
2357,eebd5bb4-8803-44eb-b3e7-ca9957e3032c,ad_id,6eaefc09-62b2-48fd-8cda-db590d092937,1,0,0,0,3.43
2357,1a8a91bb-d783-41d1-97e7-04afd5aa30fc,id_id,1887460f-f8f4-427b-9ccc-1b6a64593d62,1,0,0,0,5.23
2357,cd929c0d4dd032775a12641d7d25f737,id_id,375388be-ed46-4a4a-8b43-b70b509044ed,1,0,0,0,41.8
2357,670a00422e66e134662545b1c25d200b,id_id,be3f2408-a194-454b-9026-ad093da40bb8,1,0,0,0,88.4
2357,357b49ed-cd6a-4705-98a9-6dd310b6b8f7,id_id,5b68f586-8a33-45ee-b085-3ef10a9acfb2,1,0,0,0,4.85
2357,cb5b7317-92d1-4ec5-a084-7e9aae28f0dc,id_id,36673920-48af-490c-a367-16c9e1cadcd5,1,0,0,0,1.33
2357,4d4d59c5-0c4e-43b9-b09b-f693943bb4ff,id_id,5b68f586-8a33-45ee-b085-3ef10a9acfb2,1,0,0,0,71.7
2357,dcb199ba85f5e2e0c4b3f1f156f50d4b,id_id,d4d78726-9329-4351-8dc6-0d8dffa1fc45,1,0,0,0,49.98
2357,4dba5200-de87-4d45-804a-d4c264ed7206,id_id,be531c15-3487-4b96-8fa2-f21efab86a0b,1,1,0,0,51.4
2357,1d23b9ac-dec1-4131-93db-99899942ab53,id_id,d3b3a961-b954-4fbc-833d-eee4d2288214,1,0,0,0,8.32
2357,6de40bd2-cd19-4d2c-b71f-037e30c51c60,ad_id,ab2a85fd-d507-4894-9f41-82eb00929f93,2,0,0,0,52.04
2357,bc1c7b5a-3243-4fb0-984c-88813e955787,ad_id,85628f69-e085-4fb2-8974-4781f13796d2,1,0,0,0,23.04
2357,c980bec3-259e-4423-b694-b6039f182d3c,id_id,d6e6e0e6-44bb-4ce9-a0a6-7b80e4e15f53,1,0,0,0,18.43
2357,2d16afa2938e1aeab000503736dee52d,id_id,2389e116-bd10-447b-a51d-f9380d1290b5,1,0,0,0,78.15
2357,73b04606-d84c-4e17-94ef-8961641adfda,id_id,508453da-cf99-4897-bcc3-fd4260edc1c8,1,0,0,0,17.91
2357,a4d68a59-986e-4e06-85a3-be57b3449619,id_id,106b34fe-4806-4ec6-b564-81048f035949,1,0,0,0,12.55
2357,44487585-7212-40e1-8653-2f922afc2c75,ad_id,c3f63a46-289f-45e1-ab91-cca1b958f95a,2,1,0,0,52.91
2357,120d35f3e31dd587e7bdc73a863f31b4,id_id,88e93731-1215-4d56-9c55-faaf8ad31ba0,1,0,0,0,51.85
2357,d724e3e681e33366ade9a3ae07c7ae86,id_id,c3f63a46-289f-45e1-ab91-cca1b958f95a,1,0,0,0,68.35
2357,dcb199ba85f5e2e0c4b3f1f156f50d4b,id_id,731d83d1-5602-468f-8849-30e404a7d500,1,0,0,0,5.38
2357,b367733e-28e8-4808-8dca-f65c1e23ae01,id_id,d3b3a961-b954-4fbc-833d-eee4d2288214,1,0,0,0,32.39
2357,bc1c7b5a-3243-4fb0-984c-88813e955787,ad_id,ff0a55ff-cc7c-4312-8dc4-51d08898fb32,2,0,0,0,39.72
2357,595730f0-d7ae-42d7-94b1-f7b4538df6c0,ad_id,36aafb67-f141-4d5d-8245-f4b725d9d382,1,0,0,0,8.22
2357,a0361788ec1de24d7d2ff1e76f4baf7a,id_id,544d8d8d-3245-4cd4-ba5c-ffbc5159ecc3,1,0,0,0,58.95
2357,181e0cd03b00cef0e7879979cce91634,id_id,65e742bf-c849-49ea-9c6d-5c16dc0a937e,2,0,0,0,41.58
2357,084926bd-eeb4-4e08-af5c-ea0e8c41187a,id_id,87c19d5d-da68-4c63-9ce2-b951c8dc2504,1,0,0,0,29.81
2357,77e0f3af-7150-46bc-90ca-d9f4a6bd0448,id_id,ee11d1c8-99e3-4bcc-8bd8-929bc0a089c1,3,1,0,0,89.58
2357,db6565cf-9b41-4eb3-aa60-b77996f1ed5b,ad_id,f72fa9f8-9eeb-46f1-9bb8-8d265b8d89cb,1,0,0,0,7.42
2357,b23c1e92-44d6-4f08-a3cd-8dcb3e25a8a5,id_id,1887460f-f8f4-427b-9ccc-1b6a64593d62,1,0,0,0,51.75
2357,a4d68a59-986e-4e06-85a3-be57b3449619,id_id,e4d3912c-23c3-4c3d-86b3-b50f1342c4e9,1,0,0,0,14.56
2357,29cf1040-73cc-4655-83db-0f0588e90445,id_id,f3caa135-592d-4cab-afc9-9ec7fd65e643,1,0,0,0,12.75
2357,1215f76c-7986-47f2-9dc4-bd5275bb6818,ad_id,6cf82d47-addb-4b64-896a-485f82b835aa,1,0,0,0,9.25
2357,f86ac520-be89-4b73-a6ff-02c9a634102c,id_id,ae50c84a-1d9d-45f5-a99d-54bdefb8dda5,1,0,0,0,55.93
2357,5b43c4fa12b0528eb1860f8842f7622a,id_id,54af7087-e273-419a-aec3-fe02228a02a7,1,0,0,0,91.73
2357,d724e3e681e33366ade9a3ae07c7ae86,id_id,101e5365-fdde-4cfd-97cc-138f880461d3,1,0,0,0,91.72
2357,d4eeac71e3eb3d0752d1b6a779ef5544,id_id,e45e886f-1d9e-4848-ad49-2d78c794d8df,1,0,0,0,87.11
2357,29cf1040-73cc-4655-83db-0f0588e90445,id_id,106b34fe-4806-4ec6-b564-81048f035949,1,0,0,0,12.71
2357,6c444d7bce0c7a0352c93444735c82ec,id_id,a496e3f2-70d7-4f8f-b552-470340d2299f,1,0,0,0,27.6
2357,f1177900-83a1-41d8-971f-0ac6c81e5c46,id_id,c18b352a-973b-4960-ac76-27f3439641aa,1,0,0,0,15.57
2357,9f59bdb4-2afe-4bc9-9fed-1754562f45f3,id_id,25a074ac-19ec-488e-a07a-362eea73de91,1,0,0,0,11.58
2357,f83c8fab4c8415fc3f9ff067b024eb38,id_id,d6602182-d1c9-40e3-b3e5-763956f4e6d9,1,0,0,0,56.5
2357,254b0e58-aa84-4988-b2ec-5cf698682f4a,id_id,b0c3d6f8-fc36-43e4-8757-6be8331c6ed8,1,0,0,0,82.11
2357,51f91e0a-f683-4358-a6f5-ff41e72a9766,id_id,0c3ef0a3-a672-438c-91f6-7d1dce99bc77,1,0,0,0,5.4
2357,3c19515f60a4c9158c612f920f7ad247,id_id,5f7381d3-f6f7-4136-bac4-43c907ef12de,1,0,0,0,41.29
2357,91a2a3dfe9b2322dd025e522afe32aa5,id_id,4095b619-061c-499b-acf5-82d95cf852a8,1,0,0,0,1.51
2357,2d16afa2938e1aeab000503736dee52d,id_id,77862190-4b32-494a-8ecd-eb37a4b57b4b,1,0,0,0,16.99
2357,6144354920dad3f19719966f2c0dc80b,id_id,5ec31da0-e8f0-4888-bca3-cc17c794c6bc,1,0,0,0,92.7
2357,79434acd-319c-4d15-979c-6db81800b9fb,id_id,77862190-4b32-494a-8ecd-eb37a4b57b4b,1,0,0,0,34.23
2357,e7e85acc8564829a42557bffb1411c2e,id_id,be3f2408-a194-454b-9026-ad093da40bb8,1,0,0,0,14.19
2357,dabcdda1-d4e4-4802-8320-eef49d7d65fb,id_id,53cd9fdb-5fc3-483c-adcc-afb6aa80bfef,1,0,0,0,10.45
2357,c611bffa-6eff-402a-a988-90766c2222cb,id_id,f430881b-35b7-478e-a9f3-385b578fe21c,1,0,0,0,99.99
2357,d5275f12-d033-4e44-9288-66d3ce549b85,id_id,13fdc204-b5be-4a53-9d57-deed9380af5f,1,1,0,0,38.35
2357,2514b257-7dbc-4267-9737-4e381fc447dd,id_id,a71ab082-76a6-4ef5-9581-5ecd18a7cdfc,1,0,0,0,50.66
2357,5c901f90-912c-41b9-8876-d766b0c671d9,ad_id,dbd7d2c8-41d4-4591-884b-87c555bbcfd6,2,0,0,0,100.0
2357,fabf6cdf-6dcb-40b7-b9a7-6078556e6386,ad_id,e0db2f15-428c-4be1-adcb-1f2850d8aa8a,1,0,0,0,100.0
2357,ba6257d4fe94abeb3582d438bb60d82b,id_id,ab2a85fd-d507-4894-9f41-82eb00929f93,1,0,0,0,77.5
2357,181e0cd03b00cef0e7879979cce91634,id_id,9e48a542-36b3-458b-bbe5-16614e07afd1,2,0,0,0,77.06
2357,3cc50c05170c4be9fd72e54004067fdf,id_id,f2c0ed2e-73c1-4b74-94cc-9caad0f1d15f,1,0,0,0,33.62
2357,f50065de-492e-4635-9d11-7be95eaf69c2,id_id,a496e3f2-70d7-4f8f-b552-470340d2299f,1,0,0,0,3.43
2357,9374f9e5-3bd6-4c04-bb23-1f4bbfcedf9f,id_id,2bc33e0c-7f24-4dcb-9a2d-50bdc19276cf,1,0,0,0,78.4
2357,774de416-ea9c-454e-be8c-6f4e1f23de13,ad_id,a0a099c4-5d9d-44f0-8710-2ed268ee00d0,1,0,0,0,13.04
2357,22f61fe8-ada1-4666-a234-5693663d6525,id_id,f9063be4-2862-4941-97d0-414d88b11175,1,0,0,0,2.36
2357,bb23916415d85604c421de2e40eca416,id_id,d6e6e0e6-44bb-4ce9-a0a6-7b80e4e15f53,1,0,0,0,83.76
2357,86ffab5306feabff2ebcf059d624f095,id_id,6c6768ee-e481-4336-b021-bf94340dafb5,1,0,0,0,9.11
2357,2ca893bad6d538cb43883f981e60a8e2,id_id,cf8b7bae-57f0-4a77-accc-1bdc1fe3ed25,1,0,0,0,78.14
2357,0b350040-142b-4e15-993e-dcb20571ffb6,id_id,90ffba45-a83f-405c-b0ac-eac3646e5297,1,0,0,0,5.41
2357,075ed439-72e8-4975-8a19-8a2d44f7b7e5,id_id,f43a9544-3f31-47db-b027-61a189db3b63,1,0,0,0,17.12
2357,f3b0e235-aed7-4ff9-a976-e63a08a5ec4a,id_id,54af7087-e273-419a-aec3-fe02228a02a7,1,0,0,0,48.61
2357,5d78b7f3-2be1-4159-a388-f787cb921611,id_id,53cd9fdb-5fc3-483c-adcc-afb6aa80bfef,2,0,0,0,100.0
2357,2596da83-e2d0-4401-809e-9e2b037ef037,ad_id,1887460f-f8f4-427b-9ccc-1b6a64593d62,1,0,0,0,21.01
2357,a6acf7cf-5d88-4dec-b265-1fc0981e3b1c,id_id,3a0ba46b-bd79-40f0-a7a6-565ca81abe5f,1,0,0,0,8.59
2357,45d476fb-53b4-44cd-a529-3e3a09628506,id_id,8cdf2bdc-e2da-4688-9f70-ac5b36df34a2,1,0,0,0,37.65
2357,f83c8fab4c8415fc3f9ff067b024eb38,id_id,25a074ac-19ec-488e-a07a-362eea73de91,1,0,0,0,5.26
2357,1a8a91bb-d783-41d1-97e7-04afd5aa30fc,id_id,b3d2a176-6534-430b-b794-6202b5accfee,1,0,0,0,6.75
2357,e19900337848275006b03f9c1dadfa5f,id_id,1b6d3b94-98a8-49c4-b079-f0c451c9853a,1,0,0,0,68.51
2357,36372b75-4e56-41fd-ab57-2357da5133c7,ad_id,c7cd6375-861b-4fa0-bacf-3645dfaf583e,1,0,0,0,7.47
2357,b1a9abcd9e02e38666a0890122d4d77d,id_id,d6a4f030-8a00-40f4-93aa-bfcd5797e08c,1,0,0,0,75.86
2357,9f59bdb4-2afe-4bc9-9fed-1754562f45f3,id_id,ac39125b-c57e-47a8-9ac4-e77274b7cee5,1,0,0,0,48.77
2357,a4893303-79f0-4ebb-bbab-ebb3bea1bdda,id_id,e61537f0-0bc0-4fdb-8d55-57a6ab0ac35b,1,0,0,0,3.72
2357,aaa75e1e2a381e448a8eb621fb1e8db4,id_id,9d04515b-86f6-4e54-94aa-c414c68b6c96,1,0,0,0,39.53
2357,79434acd-319c-4d15-979c-6db81800b9fb,id_id,e94ce240-36de-4cee-b6bd-12919d740b79,1,0,0,0,10.69
2357,fe39b8906e49c5757bcee0e7ca6b4f2f,id_id,0094bf41-46e6-4a1b-946a-09f1849ebd96,1,0,0,0,24.43
2357,894d5821-dc00-45d6-b8a6-9553f3faa0a1,id_id,5b68f586-8a33-45ee-b085-3ef10a9acfb2,1,0,0,0,7.98
2357,b1ff54eb-4685-45ad-be0f-1c90162e9477,ad_id,7a47d937-6fe5-4082-924b-82b0eff70866,5,0,0,0,33.96
2357,510db744-5d35-4c02-b2fe-a309d147a4d4,id_id,d0ae095c-79df-4e5e-a91b-3df3b98bfa96,1,0,0,0,3.91
2357,2f05eea7-0c3a-4ccc-9cf2-3f9716078926,ad_id,e3e4d466-e810-435f-bcfb-ff0aa8df047e,1,0,0,0,9.27
2357,aa2d6d8b-0b0f-4dc2-925b-0d210416cf35,ad_id,681b67cc-6045-4075-9cd5-341a55262cda,1,0,0,0,87.55
2357,87cdc219-cff8-487e-bf16-41c04272c18d,id_id,5ec31da0-e8f0-4888-bca3-cc17c794c6bc,1,0,0,0,28.46
2357,abbe405e8771176cb9a5fbe02a86bbe9,id_id,53980672-4412-45b8-b484-4e691d1b35c3,1,0,0,0,20.3
2357,b13e50d4cdef8258dcce078a15cddb5f,id_id,9e48a542-36b3-458b-bbe5-16614e07afd1,1,0,0,0,96.81
2357,5c167b64-c673-4526-b742-0acfc9b7de16,ad_id,9eae800e-39f6-43e1-a25d-f95bcdc886bb,1,0,0,0,15.58
2357,86ffab5306feabff2ebcf059d624f095,id_id,7d16b71c-2f58-466d-b929-a70b290da12a,1,0,0,0,55.01
2357,5998fc1b2eca676ea55cf3f7a491d7d1,id_id,9ff12e82-4f22-4b80-b21e-b52fd2f6e442,1,0,0,0,21.71
2357,774de416-ea9c-454e-be8c-6f4e1f23de13,ad_id,2ca16e69-92e3-4080-91f7-72d505c1c478,1,1,0,0,77.09
2357,dbdd2c42-4551-4ece-8c43-b8fd7d2af3d4,id_id,e4d3912c-23c3-4c3d-86b3-b50f1342c4e9,1,0,0,0,4.11
2357,a7020bce-baaf-4180-b36d-a1177e64eb50,id_id,35fda015-c1db-4086-86b7-46bdadc6e3e7,1,0,0,0,100.01
2357,dbdd2c42-4551-4ece-8c43-b8fd7d2af3d4,id_id,1bc8c273-9bb5-4155-be49-a3a20adb4f8a,1,0,0,0,4.56
2357,42bb09d2-ec9c-4f73-ab8f-92d7ff7ce5d7,ad_id,40948094-53da-4205-b3b0-e62794bc0597,1,0,0,0,73.86
2357,0f4b516239302d87dfa32ccc9591329d,id_id,e429f7b7-453f-4d8e-a899-eab8313c100e,1,0,0,0,51.28
2357,79434acd-319c-4d15-979c-6db81800b9fb,id_id,6c788e3a-f109-4f3e-9dc9-97e999af2dc8,1,1,0,0,99.91
2357,e7e85acc8564829a42557bffb1411c2e,id_id,2151ff96-a57b-46c0-a909-804815b97725,1,0,0,0,29.96
2357,2b564a6e-800f-4775-a51e-14ddaef5d2ce,id_id,455785ac-3ea9-4382-8e1f-56be2848a1c1,1,0,0,0,74.32
2357,f86ac520-be89-4b73-a6ff-02c9a634102c,id_id,3b5e4104-f0b4-4849-be64-73cad9be3b4c,1,0,0,0,8.74
2357,f92cac47-3a4b-4018-9cc1-ddf7f38dd312,id_id,c02e1f0e-81e2-4e8d-ae91-737c1bf23e42,1,0,0,0,54.41
2357,ac851d5a-59d0-4807-a97b-0ed920bab44f,id_id,b3d2a176-6534-430b-b794-6202b5accfee,1,0,0,0,62.44
2357,53135bbd-4319-4161-872c-e48cf5e6f857,ad_id,733f785a-c08d-4d3d-a115-85e433ef0530,3,0,0,0,11.91
2357,7649e0a4-6c1e-4907-a8b6-5de01ce516ac,id_id,94aba41b-745e-452e-874d-0b28637f3020,1,0,0,0,29.46
2357,c8fa98dc-286e-4506-96b2-13a8613d7d3d,ad_id,d9a24732-0319-43d3-b88f-995461400778,1,0,0,0,7.04
2357,5b43c4fa12b0528eb1860f8842f7622a,id_id,ebbad2c5-32e9-43b3-ad13-9041848e3005,1,0,0,0,73.87
2357,daf875a0-f96a-4508-96e5-1311351cf6ac,ad_id,54af7087-e273-419a-aec3-fe02228a02a7,1,0,0,0,13.55
2357,1db90d4a-2284-4480-a9d7-0bfbf79a846d,ad_id,16873d29-baa3-4eb4-bff9-6916863e53db,1,0,0,0,3.37
2357,ff379747c72789b2a2c6e3ff7ba0a496,id_id,f70cbf99-3915-489e-b2a5-69e736301fe1,1,0,0,0,33.67
2357,1bb17fc9-dbc4-405e-b592-0642a238ae3c,id_id,3c9c3590-f01a-4dcd-8c6f-3f009fcb0799,1,0,0,0,37.9
2357,9daa818b-b0a6-412d-b6af-50694d431520,ad_id,e45e886f-1d9e-4848-ad49-2d78c794d8df,1,0,0,0,13.04
2357,14bd87b0-9ef2-47cb-8a14-07a5eadc71c7,id_id,c3f63a46-289f-45e1-ab91-cca1b958f95a,1,0,0,0,39.45
2357,cdb3232d-bb64-4a6a-96f2-af7035ea3f58,id_id,c3f63a46-289f-45e1-ab91-cca1b958f95a,1,1,0,0,77.66
2357,16a47274-2e3f-4aff-a719-5ac61fe849ef,id_id,515a8a60-9b2a-497a-9e6d-171acf69c236,1,0,0,0,8.25
2357,213e4086-3ec9-48d4-8ee0-cc2628822b68,id_id,de2cf04a-075a-41f0-aed2-6be2283768d3,1,0,0,0,21.93
2357,c920a30f-7929-4d27-ad96-6610cf90fdea,id_id,3e2282d6-049f-4e14-a010-5a5616fb28dd,1,0,0,0,85.65
2357,a6acf7cf-5d88-4dec-b265-1fc0981e3b1c,id_id,455785ac-3ea9-4382-8e1f-56be2848a1c1,1,0,0,0,8.82
2357,79434acd-319c-4d15-979c-6db81800b9fb,id_id,0b00c1c5-f38d-4fc7-8d3d-d937f43fc4b2,1,0,0,0,7.33
2357,04c9568e224be17a61c6ef31e7260a73,id_id,41918838-e6fe-4e7d-9f37-6a15e89e8fb1,1,0,0,0,9.98
2357,7b12c6e8-b034-4ed4-b540-da01b01c9274,id_id,a15dbd30-e6e3-4df0-be2f-8a9a7fc7576f,1,0,0,0,14.24
2357,fe3ac0bc440dc652fd4323c9353000ac,id_id,5d023455-fc33-4a61-bf2c-6bca264222d5,1,0,0,0,51.47
2357,89db7e62-20e6-490e-b962-3c63d4ae39ae,ad_id,1b6d3b94-98a8-49c4-b079-f0c451c9853a,1,0,0,0,52.94
2357,be2ecdb1-76c7-4800-98d4-88594674e72a,ad_id,d6e6e0e6-44bb-4ce9-a0a6-7b80e4e15f53,1,0,0,0,10.16
2357,99c65478-251f-4f1c-be9c-19244bc4b542,id_id,430c4e7b-9bdd-418e-8f00-d9ea036aed45,2,1,0,0,88.95
2357,ba6257d4fe94abeb3582d438bb60d82b,id_id,101e5365-fdde-4cfd-97cc-138f880461d3,3,0,0,0,35.71
2357,e1bf20faac68bf2ad4727a587c2ce613,id_id,7701b39a-de1a-42ca-852c-46edefba5b6f,1,0,0,0,88.52
2357,d339ef1b-bfa7-4d7c-a3b5-c9c3e8653763,id_id,c3942794-96e1-47a6-85a7-3e2cc6d8eab7,1,0,0,0,9.87
2357,1211eae1-e0df-4c25-9e76-2d1539f4fd05,id_id,ee11d1c8-99e3-4bcc-8bd8-929bc0a089c1,1,0,0,0,70.13
2357,1df25c5a-f09d-4d8e-b980-dc7a4915a3bb,ad_id,2389e116-bd10-447b-a51d-f9380d1290b5,1,0,0,0,100.0
2357,2ca893bad6d538cb43883f981e60a8e2,id_id,a15dbd30-e6e3-4df0-be2f-8a9a7fc7576f,1,0,0,0,7.84
2357,aa3af496-53e3-420d-8abb-e4006a09db32,id_id,f2c0ed2e-73c1-4b74-94cc-9caad0f1d15f,1,0,0,0,25.88
2357,ff169e2e3d33d7f9f9653d406dad6990,id_id,9e5167da-ac2f-4a17-b07b-3bd4ab5726b8,2,0,0,0,55.93
2357,bb23916415d85604c421de2e40eca416,id_id,ae50c84a-1d9d-45f5-a99d-54bdefb8dda5,1,0,0,0,84.46
2357,56d8e82e8bf80ca61ff3bcb1a3a06aba,id_id,7a78dce8-406d-4c8c-91ea-00b19fc5094c,1,0,0,0,81.53
2357,bc1c7b5a-3243-4fb0-984c-88813e955787,ad_id,4095b619-061c-499b-acf5-82d95cf852a8,1,0,0,0,5.26
2357,c9a1d98fede6a111195728a4a75abdaf,id_id,5f7381d3-f6f7-4136-bac4-43c907ef12de,1,0,0,0,75.62
2357,79434acd-319c-4d15-979c-6db81800b9fb,id_id,94aba41b-745e-452e-874d-0b28637f3020,2,0,0,0,58.09
2357,fa3cadd4-1651-41c0-89c0-ef6293ca849e,id_id,25a074ac-19ec-488e-a07a-362eea73de91,1,0,0,0,5.01
2357,cd929c0d4dd032775a12641d7d25f737,id_id,6138b843-ed18-4171-a726-69b163aa1fe9,1,0,0,0,94.54
2357,4e0683b1-0545-424e-8a28-19df15a6380d,id_id,d4a1f869-a66e-4ded-8d0b-3dd164d41248,1,0,0,0,87.72
2357,239a63e2-6d8c-4639-b298-ce82db2f6af4,id_id,01ebe82a-391a-49b5-9c33-b397f46bca9b,1,0,0,0,61.4
2357,f3b18455-1391-47ba-a7ab-6d686071df83,id_id,7a78dce8-406d-4c8c-91ea-00b19fc5094c,1,0,0,0,14.63
2357,a6acf7cf-5d88-4dec-b265-1fc0981e3b1c,id_id,e94ce240-36de-4cee-b6bd-12919d740b79,1,0,0,0,4.48
2357,79434acd-319c-4d15-979c-6db81800b9fb,id_id,3a0ba46b-bd79-40f0-a7a6-565ca81abe5f,2,1,0,0,35.83
2357,04dadacbaf5c01bdb4629af705b04413,id_id,1887460f-f8f4-427b-9ccc-1b6a64593d62,1,0,0,0,79.9
2357,906a08ac80130786a5d93d8ba4e4efc3,id_id,f70cbf99-3915-489e-b2a5-69e736301fe1,1,0,0,0,14.57
2357,e2c42578ba09bf6dba5e4d1c094ee89d,id_id,7a78dce8-406d-4c8c-91ea-00b19fc5094c,1,0,0,0,75.83
2357,7ac60e1c-b9f6-4a1d-8572-0ca5f1bc62ce,id_id,565c8ff1-69bc-4840-89a3-6e220a1bfcc6,1,0,0,0,4.38
2357,78c98a335bb1c70af41015f1f0360ebc,id_id,d3ea395b-b718-4b82-a598-1c1853d2f039,1,0,0,0,82.21
2357,f83c8fab4c8415fc3f9ff067b024eb38,id_id,4095b619-061c-499b-acf5-82d95cf852a8,1,0,0,0,73.77
2357,32371ef9-23de-4597-9cb6-a68c4195a7e5,id_id,94aba41b-745e-452e-874d-0b28637f3020,1,0,0,0,41.69
2357,ba6257d4fe94abeb3582d438bb60d82b,id_id,6040606a-bf55-4dc9-b287-053797a8bb93,1,0,0,0,28.86
2357,c8fa98dc-286e-4506-96b2-13a8613d7d3d,ad_id,d6e6e0e6-44bb-4ce9-a0a6-7b80e4e15f53,1,0,0,0,19.93
2357,8a3169488362506e358188fbb225f8d5,id_id,15538b30-1aaf-4086-8923-5e5756f619db,1,0,0,0,45.07
2357,7b972003-2950-4e5e-8a82-4fcc1e788468,id_id,9ff12e82-4f22-4b80-b21e-b52fd2f6e442,1,0,0,0,7.23
2357,bc1c7b5a-3243-4fb0-984c-88813e955787,ad_id,d4d78726-9329-4351-8dc6-0d8dffa1fc45,1,0,0,0,21.3
2357,d608e853-c2f9-498c-b832-4cb20448dc5f,id_id,5ff75ae0-e9fa-41ac-bcfb-4c765746688c,1,0,0,0,6.55
2357,3aff153b5adf1aa55246720c185dda17,id_id,f9063be4-2862-4941-97d0-414d88b11175,1,0,0,0,91.75
2357,3a1830f5760a1200310844fd9d76e9f0,id_id,589ca074-e329-4698-9a8d-2b002727e37d,1,0,0,0,20.43
2357,ece2ad5a-b151-44c8-b58d-a4050c1e66ff,id_id,c9c42328-dc4c-426c-8846-a5653d42c053,1,0,0,0,37.38
2357,72bd992c-98cb-4970-8b2f-11b0bcfa987a,ad_id,fca4f2d4-61ae-434a-9a95-1cbd2204dc8d,1,1,0,0,6.02
2357,5b43c4fa12b0528eb1860f8842f7622a,id_id,be58d1f0-7ca2-4b30-a5b9-0dc789a002e0,1,0,0,0,50.89
2357,fc7f7fb474fbf1aca4f57da8a57db767,id_id,95c478f3-0118-4540-b51d-c86f7d2e6783,2,0,0,0,17.19
2357,e7e85acc8564829a42557bffb1411c2e,id_id,41918838-e6fe-4e7d-9f37-6a15e89e8fb1,1,0,0,0,79.1
2357,30c8dc7f-51fb-483c-9af7-2fd7d506cd11,id_id,1ca19021-750c-4d2c-93c2-d87d96c2353f,1,0,0,0,3.18
2357,0af21471-665c-466e-a555-cd4fb27d7304,id_id,e0db2f15-428c-4be1-adcb-1f2850d8aa8a,1,0,0,0,80.28
2357,322d4d26-7cc1-4d66-8d1f-3a6eb172b5cf,id_id,c7146447-adac-41aa-add1-91a21825fcff,1,0,0,0,23.54
2357,9e7bec48-183a-476f-83be-b33e339e73d4,id_id,7d16b71c-2f58-466d-b929-a70b290da12a,1,0,0,0,40.45
2357,56d8e82e8bf80ca61ff3bcb1a3a06aba,id_id,f05ffa00-1e6f-45fe-bd40-7d909498d1ce,2,0,0,0,71.72
2357,56d8e82e8bf80ca61ff3bcb1a3a06aba,id_id,085413dd-c97f-4f9c-b1ab-6d316c10950a,1,0,0,0,98.48
2357,cd929c0d4dd032775a12641d7d25f737,id_id,ab2a85fd-d507-4894-9f41-82eb00929f93,1,0,0,0,93.42
2357,f3115c25-aa4f-40c6-9323-bb43549e30b5,id_id,d9a24732-0319-43d3-b88f-995461400778,1,0,0,0,26.24
2357,e2c42578ba09bf6dba5e4d1c094ee89d,id_id,085413dd-c97f-4f9c-b1ab-6d316c10950a,1,0,0,0,49.02
2357,0cbddd70-75f6-45a4-a547-279b24913b68,id_id,2ca16e69-92e3-4080-91f7-72d505c1c478,1,0,0,0,74.68
2357,8878ef54-98e1-41b7-a98f-d233f3e63dff,id_id,c7146447-adac-41aa-add1-91a21825fcff,1,0,0,0,48.66
2357,0df9ace2-8ae5-444d-8c22-79032f586890,id_id,8ed437a4-b335-479d-9c58-cc0aad88af4d,1,0,0,0,76.85
2357,006e44d8-1a4d-4fcf-ab65-b1272e5fe442,id_id,be531c15-3487-4b96-8fa2-f21efab86a0b,1,0,0,0,6.92
2357,a1d8440c-248e-4d73-80b5-74509f3429e8,id_id,9d88854e-86d9-4d52-9a35-d9028f72c161,1,0,0,0,8.03
2357,56d8e82e8bf80ca61ff3bcb1a3a06aba,id_id,f43a9544-3f31-47db-b027-61a189db3b63,2,0,0,0,73.77
2357,1facb90f-de22-457a-ac3a-f9d2af23e99b,id_id,1b6d3b94-98a8-49c4-b079-f0c451c9853a,1,0,0,0,27.48
2357,5157164d-1e34-40d2-8dd1-c8f8c92ea81b,id_id,0c3ef0a3-a672-438c-91f6-7d1dce99bc77,1,0,0,0,11.9
2357,6006fa0b-bfd6-45e5-8ae5-8796abbce9ec,ad_id,0b00c1c5-f38d-4fc7-8d3d-d937f43fc4b2,1,0,0,0,89.61
2357,04872446-baa4-43c8-a421-128313f6790f,id_id,aed668ba-fa78-4874-9d9a-e207b5371453,1,0,0,0,67.56
2357,575b5fb2-4dea-48b8-94d2-1aaced912bdc,id_id,2c500684-853f-4985-98ce-8fabeff8fa1a,1,0,0,0,4.13
2357,a1d8440c-248e-4d73-80b5-74509f3429e8,id_id,ac39125b-c57e-47a8-9ac4-e77274b7cee5,1,0,0,0,17.38
2357,a913c67b-5749-4a6a-a788-c03dcfd59248,id_id,b8e25d3e-33b3-4594-876e-c4f644b7e4c9,3,0,0,0,71.09
2357,87cdc219-cff8-487e-bf16-41c04272c18d,id_id,6c6768ee-e481-4336-b021-bf94340dafb5,2,0,0,0,57.1
2357,b434175aab3e3f85780151aec28c892e,id_id,9eae800e-39f6-43e1-a25d-f95bcdc886bb,1,0,0,0,37.55
2357,f0a1c852-44b8-472c-9daa-b3f275e59c3b,id_id,ebbad2c5-32e9-43b3-ad13-9041848e3005,2,0,0,0,23.76
2357,c186e359-94fa-4f4c-8e7a-b6c77557234c,id_id,497d3d64-6b6f-4ef2-a4c2-cd6b639105d4,1,0,0,0,4.59
2357,f1177900-83a1-41d8-971f-0ac6c81e5c46,id_id,9b8db4a2-07a4-4547-9b20-8eb6742aa3c6,1,0,0,0,14.49
2357,5d42a84d-2843-4650-bf4f-089bb18f3a32,id_id,aed668ba-fa78-4874-9d9a-e207b5371453,1,0,0,0,11.34
2357,e22ed60e-4faf-41ef-b543-e048ea72b405,ad_id,c464fdb8-a589-4de7-af46-9ccbfc41386a,1,0,0,0,58.77
2357,83dd0fe726913e5c33b6bd7222c77611,id_id,e429f7b7-453f-4d8e-a899-eab8313c100e,1,0,0,0,92.78
2357,40e8d659-2ee8-4e9c-8915-1722760cae2b,ad_id,f2f89fc1-5a83-40d3-a6cc-2a7c020055be,1,0,0,0,61.66
2357,2fb126a3-f8f4-4604-b9ba-51731a1b52e7,id_id,e0db2f15-428c-4be1-adcb-1f2850d8aa8a,1,0,0,0,50.75
2357,5127c43a-7069-42ba-b9cd-78c01aba6939,id_id,733f785a-c08d-4d3d-a115-85e433ef0530,3,0,0,0,67.99
2357,fabf6cdf-6dcb-40b7-b9a7-6078556e6386,ad_id,f05ffa00-1e6f-45fe-bd40-7d909498d1ce,1,0,0,0,100.0
2357,b86aa0f6-dc5d-4bc2-9b9f-31365b2b1b24,id_id,7d16b71c-2f58-466d-b929-a70b290da12a,2,0,0,0,60.5
2357,69f65f71-c59a-4ca3-adda-db028d786582,id_id,d6e6e0e6-44bb-4ce9-a0a6-7b80e4e15f53,1,0,0,0,73.51
2357,bec30198-680c-4e6f-a1d2-0e0fca6188a8,id_id,ebbad2c5-32e9-43b3-ad13-9041848e3005,1,0,0,0,50.1
2357,a36ec285-6c5a-40a9-8822-09e9f889556f,id_id,731d83d1-5602-468f-8849-30e404a7d500,1,0,0,0,21.34
2357,8da90dd1-949c-4265-9295-b81cf56d4090,id_id,6c6768ee-e481-4336-b021-bf94340dafb5,1,0,0,0,65.11
2357,4e2d592b-c2a6-4df1-bbfd-a47823af8a18,id_id,7701b39a-de1a-42ca-852c-46edefba5b6f,1,0,0,0,97.7
2357,fc7f7fb474fbf1aca4f57da8a57db767,id_id,e61537f0-0bc0-4fdb-8d55-57a6ab0ac35b,1,0,0,0,100.46
2357,ebf1d378-7a45-474e-9033-3545a0e069ad,id_id,2ca16e69-92e3-4080-91f7-72d505c1c478,1,0,0,0,50.38
2357,5fe010d43a3103bdee6348cb2adafeca,id_id,731d83d1-5602-468f-8849-30e404a7d500,1,0,0,0,21.51
2357,2d16afa2938e1aeab000503736dee52d,id_id,5c6b3b72-b7d9-4d1e-a3d1-e154ca7a968e,1,0,0,0,88.81
2357,6c444d7bce0c7a0352c93444735c82ec,id_id,db673842-b3d8-46e3-920d-9857f5fec19b,1,0,0,0,4.72
2357,17abd303-997b-4187-b372-b7fbe6f1e382,ad_id,b7cd6c39-606c-4f8c-ac5f-d4829368a23a,1,0,0,0,22.66
2357,5d78b7f3-2be1-4159-a388-f787cb921611,id_id,7a78dce8-406d-4c8c-91ea-00b19fc5094c,3,0,0,0,100.0
2357,3a0b99563b1156c62cd38cb7b301ab97,id_id,f05ffa00-1e6f-45fe-bd40-7d909498d1ce,1,0,0,0,32.15
2357,eba4998b4680ef5d16fbaea712dec83f,id_id,544d8d8d-3245-4cd4-ba5c-ffbc5159ecc3,1,0,0,0,94.46
2357,ff169e2e3d33d7f9f9653d406dad6990,id_id,515a8a60-9b2a-497a-9e6d-171acf69c236,1,0,0,0,77.7
2357,c16608e9-b6de-4609-bf08-16b1f69157bb,ad_id,53cd9fdb-5fc3-483c-adcc-afb6aa80bfef,2,1,0,0,100.0
2357,84eda6ae-dfd9-4803-9b04-b0b0e44f9ec3,id_id,63444a0d-2a29-4f86-ad38-debe61787131,1,0,0,0,16.05
2357,5fe010d43a3103bdee6348cb2adafeca,id_id,a15dbd30-e6e3-4df0-be2f-8a9a7fc7576f,1,0,0,0,39.55
2357,150adb86-0c24-4ae4-90ec-02fb39669e4a,id_id,f70cbf99-3915-489e-b2a5-69e736301fe1,1,0,0,0,53.81
2357,a7eaa14b-5e11-4675-89fc-6915a58bc7ae,ad_id,681b67cc-6045-4075-9cd5-341a55262cda,1,0,0,0,10.64
2357,aaa75e1e2a381e448a8eb621fb1e8db4,id_id,065a165b-c9de-44c0-bf1c-cee739682e9f,1,0,0,0,60.7
2357,2515141b-d557-4f0d-9eed-4844c5554f8c,ad_id,7701b39a-de1a-42ca-852c-46edefba5b6f,1,0,0,0,8.56
2357,1604fcd0-8ce2-4b43-bb06-bbd0459d2f6b,id_id,731d83d1-5602-468f-8849-30e404a7d500,2,0,0,0,39.49
2357,b434175aab3e3f85780151aec28c892e,id_id,e38a79a0-05cf-44ea-b80f-49ee4a93f17f,1,0,0,0,91.69
2357,1df25c5a-f09d-4d8e-b980-dc7a4915a3bb,ad_id,565c8ff1-69bc-4840-89a3-6e220a1bfcc6,3,0,0,0,99.08
2357,e455b8ac-bda2-4329-8729-43a0a4bd387a,ad_id,d6a4f030-8a00-40f4-93aa-bfcd5797e08c,1,0,0,0,11.85
2357,3e923f53-3147-4f1e-ae8e-da275a86c6f0,id_id,41918838-e6fe-4e7d-9f37-6a15e89e8fb1,1,0,0,0,18.53
2357,1a8a91bb-d783-41d1-97e7-04afd5aa30fc,id_id,f845dd90-4327-4610-b51e-bbc0a4ebee4b,1,0,0,0,15.47
2357,a5dffbb8-4144-4765-8284-e02cce9693c9,id_id,ebbad2c5-32e9-43b3-ad13-9041848e3005,1,0,0,0,89.74
2357,cd929c0d4dd032775a12641d7d25f737,id_id,430c4e7b-9bdd-418e-8f00-d9ea036aed45,1,0,0,0,65.04
2357,2f05c3ec-ca4f-4178-b9b0-eff4dc9f5300,ad_id,e3022f41-8d91-46b4-92f1-51a077e11fb2,1,0,0,0,51.87
2357,f21c63f3-7152-45eb-9c14-9757ac86ad5c,id_id,1887460f-f8f4-427b-9ccc-1b6a64593d62,1,0,0,0,16.5
2357,a4d68a59-986e-4e06-85a3-be57b3449619,id_id,5ec31da0-e8f0-4888-bca3-cc17c794c6bc,1,0,0,0,66.0
2357,a6acf7cf-5d88-4dec-b265-1fc0981e3b1c,id_id,6c788e3a-f109-4f3e-9dc9-97e999af2dc8,1,0,0,0,37.74
2357,fe87e1e9-9e46-48d9-9643-1f3bcc286c86,id_id,9eae800e-39f6-43e1-a25d-f95bcdc886bb,1,0,0,0,10.48
2357,d339ef1b-bfa7-4d7c-a3b5-c9c3e8653763,id_id,6eaefc09-62b2-48fd-8cda-db590d092937,1,0,0,0,80.89
2357,360fe95e-17f6-4054-85b7-38e55cf37bc3,id_id,89cfe80c-fbf0-45da-a733-92c4c9e04254,1,0,0,0,83.81
2357,dbdd2c42-4551-4ece-8c43-b8fd7d2af3d4,id_id,204624f8-0782-45c4-98d1-7a5b60d8d5e2,1,0,0,0,3.65
2357,72199f2c-5eec-4c34-be0e-c6c36350f4bd,id_id,b0c3d6f8-fc36-43e4-8757-6be8331c6ed8,1,0,0,0,9.69
2357,4070e66b82cd3f20f58e386031ac1b90,id_id,cb538ed1-9108-4b09-b144-029e1c48fc55,1,0,0,0,96.37
2357,b5fb1ceb-961f-4e4c-8d1d-239b7325996e,id_id,85cd8658-34f8-49fe-bdbb-25c152fa2877,1,0,0,0,4.96
2357,5e0a0c55-a70e-4674-85f1-bcfb89a6b8ac,ad_id,565c8ff1-69bc-4840-89a3-6e220a1bfcc6,1,0,0,0,7.08
2357,b1f1bee0-0bd1-42c0-bebf-cba9603ee656,ad_id,be531c15-3487-4b96-8fa2-f21efab86a0b,2,0,0,0,8.03
2357,977d4d3a-a7c1-492a-aabb-47bfb5232318,id_id,1ca19021-750c-4d2c-93c2-d87d96c2353f,1,0,0,0,4.53
2357,7c931f9ef0e78a4507484a25fad23910,id_id,2366a0f0-07b2-4d3e-b10f-cc6cbfaf3d1a,2,0,0,0,46.64
2357,1a628bb3-10a5-4a11-8658-f05f76128fcb,ad_id,be531c15-3487-4b96-8fa2-f21efab86a0b,1,0,0,0,51.45
2357,ff97a4fa-20a1-4aba-a520-b31af7082c04,id_id,e45e886f-1d9e-4848-ad49-2d78c794d8df,1,0,0,0,86.82
2357,bc1c7b5a-3243-4fb0-984c-88813e955787,ad_id,e61537f0-0bc0-4fdb-8d55-57a6ab0ac35b,1,0,0,0,64.86
2357,12665ace218a9216e7dcf26bf1947560,id_id,430c4e7b-9bdd-418e-8f00-d9ea036aed45,1,0,0,0,21.01
2357,31bad0b0-4772-475b-ba48-dedfedb7f1a1,id_id,53980672-4412-45b8-b484-4e691d1b35c3,2,0,0,0,67.79
2357,240ce7b2-08c4-437b-9a07-a356a679197c,id_id,909782b2-8d1e-4f97-b33e-68040c1dc40b,1,0,0,0,56.08
2357,999749df-1ef4-4ab1-b72f-22731226b177,id_id,2c500684-853f-4985-98ce-8fabeff8fa1a,1,0,0,0,96.98
2357,2a2f4848-56d7-4fbf-8026-77dc366368e9,id_id,1455a69c-ecdb-4def-aeba-13ca5dfdd8c3,1,0,0,0,3.76
2357,080448c05fe66450c0cfea517474f38f,id_id,f8a8e691-e394-4e36-aa67-b4a0891c3562,1,0,0,0,32.06
2357,af8ef939-b653-4f3c-a805-d4175cf0d74f,id_id,375388be-ed46-4a4a-8b43-b70b509044ed,1,0,0,0,95.0
2357,f08a1572-dab9-4935-8e35-8e1bb5c8fb5f,id_id,dd9da960-cc42-492d-b3d9-9c2c1b5cc905,1,0,0,0,49.67
2357,cea9c437-f2bc-44e0-a686-f539f3156371,ad_id,060e5593-d3d2-4a1f-b8b0-5ba4d33288b3,1,0,0,0,79.22
2357,fc7f7fb474fbf1aca4f57da8a57db767,id_id,7a78dce8-406d-4c8c-91ea-00b19fc5094c,1,0,0,0,81.74
2357,ebf1d378-7a45-474e-9033-3545a0e069ad,id_id,ae50c84a-1d9d-45f5-a99d-54bdefb8dda5,1,0,0,0,85.79
2357,ab369bac-9057-4f97-8dc2-d5a999103390,id_id,5ec31da0-e8f0-4888-bca3-cc17c794c6bc,1,0,0,0,91.56
2357,a02a7954-99b9-4b94-9b6d-fc96cca5df8e,id_id,27c0d973-e46e-4176-9174-5e68a2b96a8b,1,0,0,0,71.64
2357,894d5821-dc00-45d6-b8a6-9553f3faa0a1,id_id,6138b843-ed18-4171-a726-69b163aa1fe9,1,0,0,0,9.62
2357,2a2f4848-56d7-4fbf-8026-77dc366368e9,id_id,be58d1f0-7ca2-4b30-a5b9-0dc789a002e0,1,0,0,0,3.35
2357,4f528aaa-f87d-4121-94de-8e24d6cc9cd6,id_id,f72fa9f8-9eeb-46f1-9bb8-8d265b8d89cb,1,0,0,0,3.75
2357,91a2a3dfe9b2322dd025e522afe32aa5,id_id,626b347f-b3e2-455d-8836-78bf6fe3cbed,1,0,0,0,77.21
2357,c9a1d98fede6a111195728a4a75abdaf,id_id,d3ea395b-b718-4b82-a598-1c1853d2f039,1,0,0,0,74.9
2357,181e0cd03b00cef0e7879979cce91634,id_id,36aafb67-f141-4d5d-8245-f4b725d9d382,5,0,0,0,33.95
2357,1962e713-c44c-4fa7-9acb-7e4c81cc63bf,id_id,63444a0d-2a29-4f86-ad38-debe61787131,1,0,0,0,81.22
2357,609ff962-d94f-458f-bb68-86e8f74ec48a,id_id,497d3d64-6b6f-4ef2-a4c2-cd6b639105d4,1,0,0,0,63.0
2357,531b0025-2e98-411c-9c80-40e7dfb26060,ad_id,f9063be4-2862-4941-97d0-414d88b11175,1,0,0,0,4.85
2357,77e0f3af-7150-46bc-90ca-d9f4a6bd0448,id_id,8ed437a4-b335-479d-9c58-cc0aad88af4d,2,0,0,0,93.91
2357,88d32efb-436f-49d6-a7cf-f9352ab54eec,id_id,4f229ff5-d935-4a99-9ed5-2ec0922136d4,1,0,0,0,31.27
2357,a650451d-017a-48c7-93d2-936e22c7522f,id_id,c9c42328-dc4c-426c-8846-a5653d42c053,1,0,0,0,11.71
2357,bc1c7b5a-3243-4fb0-984c-88813e955787,ad_id,6c6768ee-e481-4336-b021-bf94340dafb5,1,0,0,0,21.31
2357,3a1830f5760a1200310844fd9d76e9f0,id_id,27c0d973-e46e-4176-9174-5e68a2b96a8b,1,0,0,0,45.53
2357,384cdf41-537b-419f-9ad9-867be8fe57ca,id_id,e94ce240-36de-4cee-b6bd-12919d740b79,1,0,0,0,50.02
2357,c9a1d98fede6a111195728a4a75abdaf,id_id,a050457d-f80f-459c-b196-2d8a57ab2a1c,1,0,0,0,57.78
2357,f4925e7a-02fe-4e93-9dd9-7354e4afe03a,ad_id,6c6768ee-e481-4336-b021-bf94340dafb5,1,0,0,0,9.63
2357,3cee6a44-a0a6-4b2b-a985-3119c08637bc,id_id,85628f69-e085-4fb2-8974-4781f13796d2,1,0,0,0,12.19
2357,86ffab5306feabff2ebcf059d624f095,id_id,de2cf04a-075a-41f0-aed2-6be2283768d3,1,0,0,0,98.0
2357,56d8e82e8bf80ca61ff3bcb1a3a06aba,id_id,508453da-cf99-4897-bcc3-fd4260edc1c8,1,0,0,0,95.82
2357,6029f64f-0232-4368-a8cc-ebe4169c7c64,id_id,d9a24732-0319-43d3-b88f-995461400778,1,0,0,0,100.02
2357,506fbb89-156e-4ffc-8a12-e8e024250017,ad_id,be58d1f0-7ca2-4b30-a5b9-0dc789a002e0,1,0,0,0,100.0
2357,ff169e2e3d33d7f9f9653d406dad6990,id_id,4c20658b-0a52-4881-8f6f-f3edb192db96,1,0,0,0,85.82
2357,06a5d3c8-26ee-456c-a6f4-9df54b0362f4,id_id,0b00c1c5-f38d-4fc7-8d3d-d937f43fc4b2,1,0,0,0,20.32
2357,5385df16-7e90-4681-8d2b-53a3495338c9,ad_id,fe14d4cb-5054-405d-9eb7-51ee1889237a,1,0,0,0,3.15
2357,6724f08c-b143-4a6d-a0a0-f667c4964296,id_id,fb0cd22b-4312-4b8f-88d6-dedb62283a8c,2,0,0,0,64.6
2357,ba6257d4fe94abeb3582d438bb60d82b,id_id,733f785a-c08d-4d3d-a115-85e433ef0530,2,0,0,0,77.52
2357,69f65f71-c59a-4ca3-adda-db028d786582,id_id,36673920-48af-490c-a367-16c9e1cadcd5,1,0,0,0,57.61
2357,aaa303bc-737e-4c95-9526-7ad8c650c8a5,id_id,3313ed99-44cf-4e12-84c0-e83ffb8a1c07,1,0,0,0,13.49
2357,8d271f1c-6baf-4de6-981d-ff211fb04cfa,id_id,cf8b7bae-57f0-4a77-accc-1bdc1fe3ed25,1,0,0,0,79.3
2357,e65e581f-4e62-41f9-869a-614906eb32ce,id_id,c6328364-156e-47d4-b5a0-b55b30f77fd7,1,0,0,0,5.25
2357,63bcd587-75a8-4cab-8bb1-ea705ca2585d,ad_id,8e847ca7-447b-4e95-b549-2e1723cdb994,1,1,0,0,14.44
2357,fb05f76bd261605072bfe5b122e856b4,id_id,4f229ff5-d935-4a99-9ed5-2ec0922136d4,1,0,0,0,27.76
2357,cb28de73-f441-4131-941c-8e8407bf408e,id_id,d4a1f869-a66e-4ded-8d0b-3dd164d41248,1,0,0,0,11.96
2357,14bd87b0-9ef2-47cb-8a14-07a5eadc71c7,id_id,5b68f586-8a33-45ee-b085-3ef10a9acfb2,2,0,0,0,72.16
2357,5f471caf-45f5-4b9d-bd4a-02cdc6efaa7f,id_id,13fdc204-b5be-4a53-9d57-deed9380af5f,1,0,0,0,3.49
2357,ac6533dc-7dda-4541-b58a-b51040568637,ad_id,41918838-e6fe-4e7d-9f37-6a15e89e8fb1,1,0,0,0,13.31
2357,70726009-76d0-4450-9774-4ace8f37ee77,id_id,3b5e4104-f0b4-4849-be64-73cad9be3b4c,1,0,0,0,5.23
2357,181e0cd03b00cef0e7879979cce91634,id_id,1cbf5f61-17fc-4614-9596-bb0362a25e87,2,0,0,0,39.59
2357,56d8e82e8bf80ca61ff3bcb1a3a06aba,id_id,e61537f0-0bc0-4fdb-8d55-57a6ab0ac35b,1,0,0,0,80.7
2357,a1d8440c-248e-4d73-80b5-74509f3429e8,id_id,a496e3f2-70d7-4f8f-b552-470340d2299f,1,0,0,0,4.07
2357,bc1c7b5a-3243-4fb0-984c-88813e955787,ad_id,1bc8c273-9bb5-4155-be49-a3a20adb4f8a,1,0,0,0,30.97
2357,29cf1040-73cc-4655-83db-0f0588e90445,id_id,ff0a55ff-cc7c-4312-8dc4-51d08898fb32,1,0,0,0,27.02
2357,7c931f9ef0e78a4507484a25fad23910,id_id,63444a0d-2a29-4f86-ad38-debe61787131,1,0,0,0,75.82
2357,9ba901a0-9643-4d96-a92d-6657d72370bf,id_id,53cd9fdb-5fc3-483c-adcc-afb6aa80bfef,1,0,0,0,6.65
2357,5188abd8-f441-4d48-bf49-a90c1eb0201a,ad_id,8151f7db-fb1b-4851-b262-d97f6067860e,1,0,0,0,100.0
2357,a710c12a-2098-487e-b997-06d8e55d5db3,id_id,27c0d973-e46e-4176-9174-5e68a2b96a8b,1,0,0,0,99.97
2357,a1d8440c-248e-4d73-80b5-74509f3429e8,id_id,4c20658b-0a52-4881-8f6f-f3edb192db96,1,0,0,0,14.17
2357,d724e3e681e33366ade9a3ae07c7ae86,id_id,733f785a-c08d-4d3d-a115-85e433ef0530,1,0,0,0,32.94
2357,ac6533dc-7dda-4541-b58a-b51040568637,ad_id,c02e1f0e-81e2-4e8d-ae91-737c1bf23e42,2,0,0,0,61.27
2357,d64755b9-42b3-49b1-a9b3-34173eb95246,id_id,53980672-4412-45b8-b484-4e691d1b35c3,1,0,0,0,18.91
2357,b983c0ae-5cca-4b1e-a1c3-add60f96c555,id_id,36673920-48af-490c-a367-16c9e1cadcd5,2,0,0,0,50.61
2357,b0e51eb2-065d-452e-a350-8114955a61c5,id_id,b7cd6c39-606c-4f8c-ac5f-d4829368a23a,1,0,0,0,78.96
2357,181e0cd03b00cef0e7879979cce91634,id_id,7701b39a-de1a-42ca-852c-46edefba5b6f,2,0,0,0,18.1
2357,06a5d3c8-26ee-456c-a6f4-9df54b0362f4,id_id,e94ce240-36de-4cee-b6bd-12919d740b79,1,0,0,0,4.22
2357,86ffab5306feabff2ebcf059d624f095,id_id,b0c3d6f8-fc36-43e4-8757-6be8331c6ed8,1,0,0,0,28.96
2357,42582b47-4bc1-4423-9d31-67f71a43c51d,id_id,e3022f41-8d91-46b4-92f1-51a077e11fb2,1,0,0,0,76.12
2357,f249c117aaf7f6b8bb2999ab30629d98,id_id,b3d2a176-6534-430b-b794-6202b5accfee,1,0,0,0,70.29
2357,ff169e2e3d33d7f9f9653d406dad6990,id_id,e3022f41-8d91-46b4-92f1-51a077e11fb2,1,0,0,0,75.44
2357,cd50089e-1a32-454c-8c53-8cc85425ebfa,id_id,2c500684-853f-4985-98ce-8fabeff8fa1a,1,0,0,0,46.47
2357,7c931f9ef0e78a4507484a25fad23910,id_id,aed668ba-fa78-4874-9d9a-e207b5371453,2,0,0,0,33.41
2357,ff169e2e3d33d7f9f9653d406dad6990,id_id,ee11d1c8-99e3-4bcc-8bd8-929bc0a089c1,1,0,0,0,84.99
2357,888ad7bc-9754-4e47-b34f-37b5e3265d52,id_id,c3f63a46-289f-45e1-ab91-cca1b958f95a,1,0,0,0,39.2
2357,aa3af496-53e3-420d-8abb-e4006a09db32,id_id,204624f8-0782-45c4-98d1-7a5b60d8d5e2,1,0,0,0,8.43
2357,181e0cd03b00cef0e7879979cce91634,id_id,c7de4086-5624-468b-9054-825d695bac9f,1,0,0,0,59.16
2357,d6dcd04d-0711-4519-9024-33bff13cafb8,id_id,d3b3a961-b954-4fbc-833d-eee4d2288214,1,0,0,0,6.24
2357,ba6257d4fe94abeb3582d438bb60d82b,id_id,375388be-ed46-4a4a-8b43-b70b509044ed,1,0,0,0,90.67
2357,42af4a04db8c8e835ee500c7cd114de7,id_id,d4a1f869-a66e-4ded-8d0b-3dd164d41248,1,0,0,0,69.01
2357,5188abd8-f441-4d48-bf49-a90c1eb0201a,ad_id,ebbad2c5-32e9-43b3-ad13-9041848e3005,1,0,0,0,51.12
2357,a3e5fceb-1875-4b6d-b35a-374bf2571e97,id_id,0094bf41-46e6-4a1b-946a-09f1849ebd96,5,0,0,0,100.06
2357,cd929c0d4dd032775a12641d7d25f737,id_id,c464fdb8-a589-4de7-af46-9ccbfc41386a,1,0,0,0,18.2
2357,9b70f566-723e-4422-a699-4d0e821b061c,ad_id,94aba41b-745e-452e-874d-0b28637f3020,1,0,0,0,14.18
2357,b947245d-3e93-4992-acb2-35e09b7b81d3,id_id,3b5e4104-f0b4-4849-be64-73cad9be3b4c,1,0,0,0,39.0
2357,127f91a0-5f24-4f25-b364-39e90b763788,ad_id,b7cd6c39-606c-4f8c-ac5f-d4829368a23a,2,0,0,0,53.43
2357,16a47274-2e3f-4aff-a719-5ac61fe849ef,id_id,0094bf41-46e6-4a1b-946a-09f1849ebd96,2,1,0,0,56.62
2357,4070e66b82cd3f20f58e386031ac1b90,id_id,3a0ba46b-bd79-40f0-a7a6-565ca81abe5f,1,0,0,0,54.15
2357,d5275f12-d033-4e44-9288-66d3ce549b85,id_id,f9063be4-2862-4941-97d0-414d88b11175,1,0,0,0,35.2
2357,8da90dd1-949c-4265-9295-b81cf56d4090,id_id,4095b619-061c-499b-acf5-82d95cf852a8,1,0,0,0,32.94
2357,5b201ec8-5b3f-4f9c-b39a-ee1526c8f952,id_id,6040606a-bf55-4dc9-b287-053797a8bb93,1,0,0,0,63.72
2357,150b1b30c83961fb509b06cbb8e27f8b,id_id,90ffba45-a83f-405c-b0ac-eac3646e5297,1,0,0,0,38.14
2357,f41c09b4-db2f-4dab-b320-bb3146fe077e,id_id,db673842-b3d8-46e3-920d-9857f5fec19b,1,0,0,0,31.02
2357,7b8fa7f5-e297-460c-a202-6f033a9215bc,id_id,c3942794-96e1-47a6-85a7-3e2cc6d8eab7,1,0,0,0,70.71
2357,4396b76d-b131-4947-a9f5-190dabcf1f3b,id_id,40948094-53da-4205-b3b0-e62794bc0597,1,0,0,0,68.56
2357,06a5d3c8-26ee-456c-a6f4-9df54b0362f4,id_id,6a748e5f-d79d-46af-a5d0-eb64d617bdcd,1,0,0,0,14.27
2357,31bad0b0-4772-475b-ba48-dedfedb7f1a1,id_id,a60fa6c0-b1f8-490b-aca8-49357d6b11b9,2,0,0,0,58.94
2357,043e4db389642307ef02a11de541136a,id_id,0c3ef0a3-a672-438c-91f6-7d1dce99bc77,1,0,0,0,27.28
2357,34bc64a44ef1cb9be2bab923840936b8,id_id,77862190-4b32-494a-8ecd-eb37a4b57b4b,1,0,0,0,48.56
2357,6c660108abcadf21a18a83aec7d757ed,id_id,c02e1f0e-81e2-4e8d-ae91-737c1bf23e42,1,0,0,0,94.95
2357,16a47274-2e3f-4aff-a719-5ac61fe849ef,id_id,ff0a55ff-cc7c-4312-8dc4-51d08898fb32,1,0,0,0,4.34
2357,b86aa0f6-dc5d-4bc2-9b9f-31365b2b1b24,id_id,ad59a2bb-1439-4c5b-81c5-ce8393886c61,1,0,0,0,34.78
2357,f08a1572-dab9-4935-8e35-8e1bb5c8fb5f,id_id,36673920-48af-490c-a367-16c9e1cadcd5,1,0,0,0,7.83
2357,f86ac520-be89-4b73-a6ff-02c9a634102c,id_id,c7cd6375-861b-4fa0-bacf-3645dfaf583e,1,0,0,0,36.88
2357,4731d650-d8e3-44ae-9cff-fef73d051340,id_id,85628f69-e085-4fb2-8974-4781f13796d2,1,0,0,0,19.74
2357,384cdf41-537b-419f-9ad9-867be8fe57ca,id_id,430c4e7b-9bdd-418e-8f00-d9ea036aed45,1,0,0,0,54.64
2357,5b43c4fa12b0528eb1860f8842f7622a,id_id,4fd15ed6-f87e-465e-9383-4838ce960da5,3,0,0,0,27.79
2357,5b43c4fa12b0528eb1860f8842f7622a,id_id,b7cd6c39-606c-4f8c-ac5f-d4829368a23a,1,0,0,0,82.75
2357,4fe7b1ba-e0c0-4ec0-8c4b-447835220a33,ad_id,497d3d64-6b6f-4ef2-a4c2-cd6b639105d4,1,0,0,0,30.47
2357,5a68b065365c26aceff420822ea9f382,id_id,6a4432ab-0edd-42ad-887e-5af08735590f,1,0,0,0,94.98
2357,9a5ab085-f58a-48f8-8b75-8aab97255893,id_id,53cd9fdb-5fc3-483c-adcc-afb6aa80bfef,1,1,0,0,95.28
2357,7f46e91e-9c41-4f8d-9aea-31d5a7970086,id_id,8ed437a4-b335-479d-9c58-cc0aad88af4d,1,0,0,0,34.21
2357,7dc28904f0de96421bfaeb35833b05dd,id_id,7a78dce8-406d-4c8c-91ea-00b19fc5094c,1,0,0,0,34.5
2357,1c2c71182c8c9dce88ae22544e2d218f,id_id,87bd089f-2503-4497-8439-4e4947ca2c04,1,0,0,0,79.7
2357,963bac4f-bafb-4f43-b5b4-c30420eac941,id_id,a0a099c4-5d9d-44f0-8710-2ed268ee00d0,1,0,0,0,42.58
2357,181e0cd03b00cef0e7879979cce91634,id_id,c18b352a-973b-4960-ac76-27f3439641aa,1,0,0,0,95.99
2357,22f61fe8-ada1-4666-a234-5693663d6525,id_id,375388be-ed46-4a4a-8b43-b70b509044ed,1,0,0,0,3.23
2357,a5dffbb8-4144-4765-8284-e02cce9693c9,id_id,d6e6e0e6-44bb-4ce9-a0a6-7b80e4e15f53,1,0,0,0,78.63
2357,fa3cadd4-1651-41c0-89c0-ef6293ca849e,id_id,e0db2f15-428c-4be1-adcb-1f2850d8aa8a,1,0,0,0,6.17
2357,109c9f59b33f861724d06976011338a1,id_id,f43a9544-3f31-47db-b027-61a189db3b63,1,0,0,0,67.86
2357,bbda9577-ba4e-4609-9bf4-5e608f9a51b8,ad_id,c3f63a46-289f-45e1-ab91-cca1b958f95a,1,0,0,0,21.73
2357,e7e85acc8564829a42557bffb1411c2e,id_id,38bd5b01-083b-420c-88ab-1954c20c38ec,1,0,0,0,61.14
2357,1848793a-5f4d-4d33-ac97-c8639d22e0e0,id_id,ae50c84a-1d9d-45f5-a99d-54bdefb8dda5,1,0,0,0,74.48
2357,b7fd3c6f-f1f9-4513-8854-4dc715d7446a,ad_id,c3942794-96e1-47a6-85a7-3e2cc6d8eab7,1,0,0,0,4.61
2357,3088a3d4aa367f4fea182e197c2505c0,id_id,41918838-e6fe-4e7d-9f37-6a15e89e8fb1,1,0,0,0,8.34
2357,f3b1af0d-d324-44f3-b744-d4f1cf5a150d,id_id,db673842-b3d8-46e3-920d-9857f5fec19b,2,1,0,0,28.14
2357,80725f39-75ca-4bfa-99fb-ce537f5adc01,id_id,db673842-b3d8-46e3-920d-9857f5fec19b,1,0,0,0,17.36
2357,b6dae5ae-a146-4946-8f4c-779be53f3fdc,id_id,1887460f-f8f4-427b-9ccc-1b6a64593d62,1,0,0,0,17.83
2357,d243a741656ff51fa3a1437718ba6df3,id_id,90ffba45-a83f-405c-b0ac-eac3646e5297,1,0,0,0,84.7
2357,ac4c62a1-115f-4d6f-a3f9-48b8dcc54ec9,ad_id,88e93731-1215-4d56-9c55-faaf8ad31ba0,1,0,0,0,12.37
2357,0552eb3c-0d5d-45d4-a5de-c11940973c25,ad_id,b8e25d3e-33b3-4594-876e-c4f644b7e4c9,1,0,0,0,29.2
2357,4070e66b82cd3f20f58e386031ac1b90,id_id,53980672-4412-45b8-b484-4e691d1b35c3,1,0,0,0,47.63
2357,e7e85acc8564829a42557bffb1411c2e,id_id,083773a0-3247-4785-b527-ab37306f1c07,1,0,0,0,55.74
2357,5ba86b4c-6d9b-4cbc-8cfb-8159b2110e83,ad_id,a0a099c4-5d9d-44f0-8710-2ed268ee00d0,1,0,0,0,6.23
2357,16a47274-2e3f-4aff-a719-5ac61fe849ef,id_id,5ec31da0-e8f0-4888-bca3-cc17c794c6bc,1,0,0,0,11.02
2357,4c988ac7-cb5a-44b5-983e-485b1fa3e4db,id_id,3d82a565-c594-4b8c-aae0-279b79dbbcfb,1,0,0,0,85.21
2357,0a014a61c64b712ced2f3ec734fa2fc8,id_id,d6a4f030-8a00-40f4-93aa-bfcd5797e08c,1,0,0,0,64.23
2357,ac0ade5b-6462-48fc-ac91-f7c38e8f8e8b,id_id,fe14d4cb-5054-405d-9eb7-51ee1889237a,1,0,0,0,19.44
2357,39eb3a92-847f-4ec2-9148-435704bf1c0c,ad_id,6040606a-bf55-4dc9-b287-053797a8bb93,1,0,0,0,12.72
2357,5e0a0c55-a70e-4674-85f1-bcfb89a6b8ac,ad_id,b7cd6c39-606c-4f8c-ac5f-d4829368a23a,1,0,0,0,95.36
2357,774de416-ea9c-454e-be8c-6f4e1f23de13,ad_id,4f229ff5-d935-4a99-9ed5-2ec0922136d4,1,0,0,0,26.83
2357,b1ff54eb-4685-45ad-be0f-1c90162e9477,ad_id,63444a0d-2a29-4f86-ad38-debe61787131,1,0,0,0,49.48
2357,812b4cb1-be08-4348-95f9-ffe0052be45b,id_id,1ca19021-750c-4d2c-93c2-d87d96c2353f,1,0,0,0,2.39
2357,4a2d80c4-87ac-40d0-9ce7-f94a88e7f4e2,ad_id,f43a9544-3f31-47db-b027-61a189db3b63,1,0,0,0,7.65
2357,56d8e82e8bf80ca61ff3bcb1a3a06aba,id_id,2151ff96-a57b-46c0-a909-804815b97725,1,0,0,0,81.72
2357,b2e517b2-77f0-49b2-82a7-b2232f0dc666,id_id,87c19d5d-da68-4c63-9ce2-b951c8dc2504,1,0,0,0,7.99
2357,71253b4c-5cd8-43a1-afb2-0d3b2da4eb5e,id_id,f430881b-35b7-478e-a9f3-385b578fe21c,1,0,0,0,50.25
2357,e19900337848275006b03f9c1dadfa5f,id_id,6c788e3a-f109-4f3e-9dc9-97e999af2dc8,1,0,0,0,97.88
2357,5998fc1b2eca676ea55cf3f7a491d7d1,id_id,e38a79a0-05cf-44ea-b80f-49ee4a93f17f,1,0,0,0,13.03
2357,af8e9ac4-76c4-400c-9204-c453df0d7133,id_id,74857205-577c-4301-8a54-9d38661aa5db,1,0,0,0,5.75
2357,1df25c5a-f09d-4d8e-b980-dc7a4915a3bb,ad_id,1b6d3b94-98a8-49c4-b079-f0c451c9853a,1,0,0,0,53.03
2357,63bcd587-75a8-4cab-8bb1-ea705ca2585d,ad_id,ae50c84a-1d9d-45f5-a99d-54bdefb8dda5,1,0,0,0,3.28
2357,a65af15744358bc3759a9986faa0c1d5,id_id,430c4e7b-9bdd-418e-8f00-d9ea036aed45,1,0,0,0,21.87
2357,06a5d3c8-26ee-456c-a6f4-9df54b0362f4,id_id,430c4e7b-9bdd-418e-8f00-d9ea036aed45,1,0,0,0,5.66
2357,c8fa98dc-286e-4506-96b2-13a8613d7d3d,ad_id,dd9da960-cc42-492d-b3d9-9c2c1b5cc905,1,0,0,0,31.25
2357,5541851b-0bc6-4175-bb94-fdf80441dbfd,id_id,c7cd6375-861b-4fa0-bacf-3645dfaf583e,1,0,0,0,50.19
2357,80725f39-75ca-4bfa-99fb-ce537f5adc01,id_id,a050457d-f80f-459c-b196-2d8a57ab2a1c,1,0,0,0,26.93
2357,977d4d3a-a7c1-492a-aabb-47bfb5232318,id_id,de2cf04a-075a-41f0-aed2-6be2283768d3,2,0,0,0,9.47
2357,d085c949-a21a-4767-92fc-b6be32f08d76,id_id,1ca19021-750c-4d2c-93c2-d87d96c2353f,1,0,0,0,6.46
2357,113b92bf-404f-4ed0-886f-76c035fc9d15,ad_id,c3f63a46-289f-45e1-ab91-cca1b958f95a,1,0,0,0,9.97
2357,a913ed4e-d716-4360-9403-18af42e15da1,id_id,9fbccbed-d803-479f-a012-f766a238ecfe,1,0,0,0,5.1
2357,1ad39362-bfd2-4e98-86ac-79d1003b0bca,id_id,9eae800e-39f6-43e1-a25d-f95bcdc886bb,1,0,0,0,29.01
2357,d085c949-a21a-4767-92fc-b6be32f08d76,id_id,38bd5b01-083b-420c-88ab-1954c20c38ec,1,0,0,0,42.88
2357,2f05c3ec-ca4f-4178-b9b0-eff4dc9f5300,ad_id,6138b843-ed18-4171-a726-69b163aa1fe9,1,0,0,0,15.46
2357,d64755b9-42b3-49b1-a9b3-34173eb95246,id_id,a60fa6c0-b1f8-490b-aca8-49357d6b11b9,1,0,0,0,39.98
2357,6f639e9e-3fd1-47ce-b6b2-ae809390ff6f,ad_id,083773a0-3247-4785-b527-ab37306f1c07,2,0,0,0,6.13
2357,d89840ef-2571-4261-bd8e-79ef516999ce,ad_id,5ff75ae0-e9fa-41ac-bcfb-4c765746688c,1,0,0,0,3.52
2357,2bffe0f88bd7ee5403c19461855ce25a,id_id,0c3ef0a3-a672-438c-91f6-7d1dce99bc77,1,0,0,0,87.92
2357,5f471caf-45f5-4b9d-bd4a-02cdc6efaa7f,id_id,16324de8-a7ee-4614-b967-a2bc59d966a6,1,0,0,0,37.64
2357,2adb0ce1-2669-4bf3-b435-bd524aaaacfb,ad_id,90ffba45-a83f-405c-b0ac-eac3646e5297,1,0,0,0,12.93
2357,010391e617ee6cc5c043ec001b6bf276,id_id,6c6768ee-e481-4336-b021-bf94340dafb5,1,0,0,0,20.66
2357,b86aa0f6-dc5d-4bc2-9b9f-31365b2b1b24,id_id,aed668ba-fa78-4874-9d9a-e207b5371453,1,0,0,0,7.19
2357,eda81b6a-318e-4e12-a0dd-88a7120ee76f,id_id,2eaf8337-af9b-4abe-b9ab-b0313e715cc9,1,0,0,0,12.59
2357,5beaad8a-af87-4ab3-818c-b41c0cc1b413,ad_id,aed668ba-fa78-4874-9d9a-e207b5371453,1,0,0,0,33.21
2357,79434acd-319c-4d15-979c-6db81800b9fb,id_id,2c500684-853f-4985-98ce-8fabeff8fa1a,1,0,0,0,42.38
2357,8a4ca076-100d-4225-a051-c942c7993cc6,ad_id,626b347f-b3e2-455d-8836-78bf6fe3cbed,2,0,0,0,23.07
2357,9fb2e8c097e74fe9332bc598cc99330d,id_id,06a39742-3088-4427-85b1-f5756f2b8302,1,0,0,0,20.1
2357,1df25c5a-f09d-4d8e-b980-dc7a4915a3bb,ad_id,989f9d47-90f0-4d2c-bcb8-c43445979a94,2,0,0,0,53.23
2357,2c16cf79-86b8-47f2-815a-12cc95fc04b9,id_id,4fd15ed6-f87e-465e-9383-4838ce960da5,1,0,0,0,5.85
2357,849a50b5-74fc-40b1-8418-adf2eda76eb4,id_id,a15dbd30-e6e3-4df0-be2f-8a9a7fc7576f,1,0,0,0,6.99
2357,7afde434eafc94f4fdc2948769c1d358,id_id,4f229ff5-d935-4a99-9ed5-2ec0922136d4,1,0,0,0,54.85
2357,28b5651c-f7b4-4e61-9ab0-8f6615308b0c,ad_id,d6e6e0e6-44bb-4ce9-a0a6-7b80e4e15f53,1,0,0,0,35.03
2357,4e1ca8ef7d3cefce2ef5e6cb02dc7bf1,id_id,40948094-53da-4205-b3b0-e62794bc0597,1,0,0,0,34.94
2357,44604f8ff5739790b952517c035aff37,id_id,db673842-b3d8-46e3-920d-9857f5fec19b,1,0,0,0,0.21
2357,2f05c3ec-ca4f-4178-b9b0-eff4dc9f5300,ad_id,fb0cd22b-4312-4b8f-88d6-dedb62283a8c,1,0,0,0,21.87
2357,4e13db5f-3b39-4dfd-86a1-2e815cc861ad,id_id,7701b39a-de1a-42ca-852c-46edefba5b6f,1,0,0,0,88.76
2357,22f61fe8-ada1-4666-a234-5693663d6525,id_id,a1c441e9-8007-4128-b8d4-de0931ab3e00,1,0,0,0,51.83
2357,8119096e-1bf0-4e3d-aecb-714dd6b3860f,id_id,b3d2a176-6534-430b-b794-6202b5accfee,1,0,0,0,55.89
2357,23067097-4cd9-4709-a89f-cc56eec65cd2,id_id,be58d1f0-7ca2-4b30-a5b9-0dc789a002e0,1,0,0,0,52.71
2357,86ffab5306feabff2ebcf059d624f095,id_id,0b00c1c5-f38d-4fc7-8d3d-d937f43fc4b2,1,0,0,0,45.31
2357,77e0f3af-7150-46bc-90ca-d9f4a6bd0448,id_id,7a78dce8-406d-4c8c-91ea-00b19fc5094c,1,0,0,0,13.17
2357,e2c42578ba09bf6dba5e4d1c094ee89d,id_id,f2f89fc1-5a83-40d3-a6cc-2a7c020055be,1,0,0,0,9.19
2357,f1177900-83a1-41d8-971f-0ac6c81e5c46,id_id,106b34fe-4806-4ec6-b564-81048f035949,1,0,0,0,10.85
2357,56d8e82e8bf80ca61ff3bcb1a3a06aba,id_id,f2f89fc1-5a83-40d3-a6cc-2a7c020055be,1,0,0,0,89.32
2357,ff16f585-fb75-4c59-aef4-5a9383fab6ea,id_id,ee11d1c8-99e3-4bcc-8bd8-929bc0a089c1,1,0,0,0,32.88
2357,2f05c3ec-ca4f-4178-b9b0-eff4dc9f5300,ad_id,c02e1f0e-81e2-4e8d-ae91-737c1bf23e42,1,0,0,0,67.91
2357,89db7e62-20e6-490e-b962-3c63d4ae39ae,ad_id,3e2282d6-049f-4e14-a010-5a5616fb28dd,1,0,0,0,2.21
2357,c9e43b5b-6620-410d-8c89-7a11fe90cde8,id_id,e3022f41-8d91-46b4-92f1-51a077e11fb2,1,0,0,0,21.19
2357,aed242a8-73d6-40d1-b7f5-1f1c49c44153,id_id,a15dbd30-e6e3-4df0-be2f-8a9a7fc7576f,1,0,0,0,47.25
2357,d2cead6c-bf25-4745-beaf-26604b571193,id_id,15538b30-1aaf-4086-8923-5e5756f619db,1,0,0,0,7.15
2357,b1f1bee0-0bd1-42c0-bebf-cba9603ee656,ad_id,26f1d289-2b5a-42d5-b539-d20d44e35f05,1,0,0,0,6.68
2357,14bd87b0-9ef2-47cb-8a14-07a5eadc71c7,id_id,16873d29-baa3-4eb4-bff9-6916863e53db,1,0,0,0,52.26
2357,a5ea7365-7ccd-4479-8e76-3d1f51a46a6e,id_id,455785ac-3ea9-4382-8e1f-56be2848a1c1,1,0,0,0,96.27
2357,f538d59a-e479-4431-b53b-9fcfc792a531,id_id,15538b30-1aaf-4086-8923-5e5756f619db,1,0,0,0,50.46
2357,a508dd34-fb7c-46aa-bbd0-225cd1dcb3c0,id_id,c3942794-96e1-47a6-85a7-3e2cc6d8eab7,1,0,0,0,58.54
2357,0ec955b3-c77e-46cc-8c59-cfe8efe28c61,ad_id,0b00c1c5-f38d-4fc7-8d3d-d937f43fc4b2,1,0,0,0,11.92
2357,2c77adb2-af21-4822-920a-a14818a578a9,ad_id,455785ac-3ea9-4382-8e1f-56be2848a1c1,1,0,0,0,4.36
2357,1ee9f2f3-c10b-43ec-aef4-e49daba777bf,ad_id,cb538ed1-9108-4b09-b144-029e1c48fc55,2,0,0,0,3.15
2357,56d8e82e8bf80ca61ff3bcb1a3a06aba,id_id,39179df7-82b2-4461-8896-4bf2cc380acc,1,0,0,0,67.14
2357,f0057970-691b-431f-87fd-294398b1266f,id_id,db673842-b3d8-46e3-920d-9857f5fec19b,1,0,0,0,3.65
2357,14bd87b0-9ef2-47cb-8a14-07a5eadc71c7,id_id,3a0ba46b-bd79-40f0-a7a6-565ca81abe5f,1,0,0,0,33.2
2357,b5d9f445-6611-450b-b57c-9dc630683803,id_id,101e5365-fdde-4cfd-97cc-138f880461d3,1,0,0,0,51.49
2357,2596da83-e2d0-4401-809e-9e2b037ef037,ad_id,d0ae095c-79df-4e5e-a91b-3df3b98bfa96,1,0,0,0,91.73
2357,a913c67b-5749-4a6a-a788-c03dcfd59248,id_id,e014c724-b765-4f72-b4c9-56c354b7f4e3,1,0,0,0,20.16
2357,cdb3232d-bb64-4a6a-96f2-af7035ea3f58,id_id,a15dbd30-e6e3-4df0-be2f-8a9a7fc7576f,1,0,0,0,8.41
2357,c07b456d-30e0-4938-bb61-cfea823bd172,id_id,9ff12e82-4f22-4b80-b21e-b52fd2f6e442,1,0,0,0,84.31
2357,aa206e07-30c0-407e-90ec-e6685f0d6d1c,id_id,cb538ed1-9108-4b09-b144-029e1c48fc55,1,0,0,0,48.11
2357,2a927145-b679-4e66-bf0d-0ce4256c1eec,id_id,41feb28d-ba08-4f93-8770-50a03df51f57,1,0,0,0,79.09
2357,16a47274-2e3f-4aff-a719-5ac61fe849ef,id_id,f430881b-35b7-478e-a9f3-385b578fe21c,1,0,0,0,25.99
2357,5fdbac79-46e1-4f54-9d89-18c85f4aee70,id_id,083773a0-3247-4785-b527-ab37306f1c07,1,0,0,0,84.68
2357,5b43c4fa12b0528eb1860f8842f7622a,id_id,15538b30-1aaf-4086-8923-5e5756f619db,1,0,0,0,48.45
2357,d5275f12-d033-4e44-9288-66d3ce549b85,id_id,626b347f-b3e2-455d-8836-78bf6fe3cbed,1,0,0,0,100.0
2357,db6565cf-9b41-4eb3-aa60-b77996f1ed5b,ad_id,2366a0f0-07b2-4d3e-b10f-cc6cbfaf3d1a,1,0,0,0,86.93
2357,68ed770f-1d68-4045-b67a-89dd50926ac1,id_id,e0db2f15-428c-4be1-adcb-1f2850d8aa8a,2,0,0,0,77.61
2357,ea3b649a-835e-4449-b72b-448b0c6f1d21,id_id,6040606a-bf55-4dc9-b287-053797a8bb93,1,0,0,0,3.29
2357,7f1762a6-a577-4d38-9d04-11a7e18a5717,id_id,a1c441e9-8007-4128-b8d4-de0931ab3e00,1,0,0,0,100.0
2357,80725f39-75ca-4bfa-99fb-ce537f5adc01,id_id,f72fa9f8-9eeb-46f1-9bb8-8d265b8d89cb,1,0,0,0,16.33
